-- phpMyAdmin SQL Dump
-- version 4.8.5
-- https://www.phpmyadmin.net/
--
-- Host: 127.0.0.1
-- Generation Time: Oct 18, 2019 at 06:08 AM
-- Server version: 10.1.38-MariaDB
-- PHP Version: 7.3.2

SET SQL_MODE = "NO_AUTO_VALUE_ON_ZERO";
SET AUTOCOMMIT = 0;
START TRANSACTION;
SET time_zone = "+00:00";


/*!40101 SET @OLD_CHARACTER_SET_CLIENT=@@CHARACTER_SET_CLIENT */;
/*!40101 SET @OLD_CHARACTER_SET_RESULTS=@@CHARACTER_SET_RESULTS */;
/*!40101 SET @OLD_COLLATION_CONNECTION=@@COLLATION_CONNECTION */;
/*!40101 SET NAMES utf8mb4 */;

--
-- Database: `youthfest`
--

-- --------------------------------------------------------

--
-- Table structure for table `colleges`
--

CREATE TABLE `colleges` (
  `id` bigint(20) UNSIGNED NOT NULL,
  `name` varchar(200) COLLATE utf8mb4_unicode_ci NOT NULL,
  `registration_number` varchar(100) COLLATE utf8mb4_unicode_ci NOT NULL,
  `created_at` timestamp NULL DEFAULT NULL,
  `updated_at` timestamp NULL DEFAULT NULL,
  `uuid` int(11) NOT NULL,
  `nickname` varchar(191) COLLATE utf8mb4_unicode_ci NOT NULL
) ENGINE=InnoDB DEFAULT CHARSET=utf8mb4 COLLATE=utf8mb4_unicode_ci;

--
-- Dumping data for table `colleges`
--

INSERT INTO `colleges` (`id`, `name`, `registration_number`, `created_at`, `updated_at`, `uuid`, `nickname`) VALUES
(3, 'CT Institute of Engineering  Management & Technology, Shahpur, Jalandhar', 'ctiemt_yf19', '2019-10-11 00:19:38', '2019-10-17 10:55:23', 296591, ''),
(4, 'CT Institute of  Technology, Shahpur, Jalandhar', 'ctit_yf19', '2019-10-11 00:20:26', '2019-10-17 10:55:30', 928444, ''),
(5, 'D.A.V. Institute of Engineering  & Technology, Jalandhar', 'daviet_yf19', '2019-10-11 00:20:58', '2019-10-17 10:55:44', 572048, ''),
(6, 'Sant Baba Bhag Singh Institute of Engineering & Technology, Jalandhar', 'sbbsiet_yf19', '2019-10-11 00:21:22', '2019-10-14 12:08:52', 186618, ''),
(7, 'CT Institute of Hotel Management & Catering Technology, Jalandhar', 'ctihmct_yf19', '2019-10-11 00:21:43', '2019-10-14 12:08:52', 143498, ''),
(8, 'St. Soldier Institute of Hotel Management & Catering Technology, Jalandhar', 'ssihmct_yf19', '2019-10-11 00:22:06', '2019-10-14 12:08:52', 729259, ''),
(9, 'Apeejay Institute of Management., Jalandhar', 'aim_yf19', '2019-10-11 00:22:45', '2019-10-14 12:08:52', 253052, ''),
(10, 'CT Institute of Management & I.T., Jalandhar', 'ctimit_yf19', '2019-10-11 00:23:11', '2019-10-14 12:08:52', 802776, ''),
(11, 'CT Institute of Management Studies, Shahpur, Jalandhar', 'ctims_yf19', '2019-10-11 00:23:41', '2019-10-14 12:08:52', 361907, ''),
(12, 'DIPS Institute of Management & Technology, Jalandhar', 'dipsimt_yf19', '2019-10-11 00:24:06', '2019-10-14 12:08:52', 718921, ''),
(13, 'Innocent Hearts Group of Institutions, Loharan , Jalandhar', 'ihgi_yf19', '2019-10-11 00:24:31', '2019-10-14 12:08:52', 944106, ''),
(14, 'KCL Institute of Management & Technology, Jalandhar', 'kclimt_yf19', '2019-10-11 00:27:09', '2019-10-14 12:08:52', 386559, ''),
(15, 'Satyam Institute of Management & Technology, Nakodar', 'simt_yf19', '2019-10-11 00:27:29', '2019-10-14 12:08:52', 611271, ''),
(16, 'S.G.T.B Institute of Management & IT,  Sanura, Jalandhar', 'sgtbimit_yf19', '2019-10-11 00:27:56', '2019-10-14 12:08:52', 262840, ''),
(17, 'Social Institute of Management & Technology , Jalandhar .', 'soimt_yf19', '2019-10-11 00:28:30', '2019-10-14 12:08:52', 689895, ''),
(18, 'St. Soldier Management & Technical Institute, Jalandhar', 'ssmti_yf19', '2019-10-11 00:28:53', '2019-10-14 12:08:52', 620084, ''),
(19, 'CT Institute of Pharmaceutical Sciences, Shahpur', 'ctips_yf19', '2019-10-11 00:29:19', '2019-10-14 12:08:52', 596450, ''),
(20, 'Soldier Institute of Pharmacy, Jalandhar', 'sip_yf19', '2019-10-11 00:29:43', '2019-10-14 12:08:52', 872413, ''),
(21, 'St. Soldier Institute of Engineering  and Technology, Jalandhar', 'stsiet_yf19', '2019-10-11 00:30:06', '2019-10-14 12:08:52', 253115, ''),
(22, 'CT Institute of Management & Technology, Shahpur,Jalandhar', 'ctimt_yf19', '2019-10-11 00:30:31', '2019-10-14 12:08:52', 240586, ''),
(23, 'CT Institute of Advance Management Studies, Jalandhar', 'ctiams_yf19', '2019-10-11 00:30:52', '2019-10-14 12:08:52', 110644, ''),
(24, 'Sant Baba Bhag Singh Post Graduate College, Khiala, Padiana', 'sbbspgc_yf19', '2019-10-11 00:31:16', '2019-10-14 12:08:52', 152838, ''),
(25, 'Apeejay Svran Institute of Management, Rama Mandi, Jalandhar', 'asim_yf19', '2019-10-11 00:31:40', '2019-10-14 12:08:52', 109092, ''),
(26, 'GORAYA COLLEGE OF TECHNICAL EDUCATION', 'gcte_yf19', '2019-10-11 00:32:02', '2019-10-14 12:08:52', 726437, ''),
(27, 'CT INSTITUTE OF TECHNOLOGY & RESEARCH', 'ctitr_yf19', '2019-10-11 00:32:27', '2019-10-14 12:08:52', 972655, ''),
(28, 'PTU REGIONAL CENTRE CTIEMT', 'pturcctiemt_yf19', '2019-10-11 00:32:51', '2019-10-14 12:08:52', 427997, ''),
(29, 'Lyallpur Khalsa College of Engineering', 'lkce_yf19', '2019-10-11 00:33:11', '2019-10-14 12:08:52', 331439, ''),
(30, 'Northern India Institute of Fashion Technology,Jalanchar', 'niift_yf19', '2019-10-11 00:33:36', '2019-10-14 12:08:52', 432508, ''),
(31, 'PTU Regional Centre, DAV Institute of Engineering & Technology', 'pturcdaviet_yf19', '2019-10-11 00:34:02', '2019-10-14 12:08:52', 563015, ''),
(32, 'PTURC-Sant Baba Bhag Singh Institute of Engineering & Technology,Jalandhar', 'pturcsbbsiet_yf19', '2019-10-11 00:34:48', '2019-10-14 12:08:52', 542221, ''),
(33, 'CT Institute of Architecture & Planning,Shahpur', 'ctiap_yf19', '2019-10-11 00:35:10', '2019-10-14 12:08:52', 401284, ''),
(34, 'SAINIK INSTITUTE,JALANDHAR', 'si_yf19', '2019-10-11 00:35:40', '2019-10-14 12:08:52', 756079, ''),
(35, 'Prem Chand Markand S.D.College for Women,Jalandhar', 'pcmsdcw_yf19', '2019-10-11 00:36:03', '2019-10-14 12:08:52', 386587, ''),
(36, 'CT Institute of Hospitality Management, Jalandhar', 'ctihm_yf19', '2019-10-11 00:36:23', '2019-10-14 12:08:52', 415553, ''),
(37, 'Beant College of Engineering  & Technology, Gurdaspur', 'bcet_yf19', '2019-10-11 00:36:57', '2019-10-14 12:08:52', 581393, ''),
(38, 'Sri Sai College of Engineering  & Technology,Badhani, Pathankot', 'sscet_yf19', '2019-10-11 00:37:15', '2019-10-14 12:08:52', 417726, ''),
(39, 'S. Sukhjinder Singh Engineering  & Technology College, Gurdaspur', 'sssetc_yf19', '2019-10-11 00:37:37', '2019-10-14 12:08:52', 969504, ''),
(40, 'Swami Sarwanand Institute of Engineering & Technology, Dinanagar', 'swsiet_yf19', '2019-10-11 00:38:06', '2019-10-14 12:08:52', 710343, ''),
(41, 'Swami Sarvanand Institute of Management & Technology, Dinanagar', 'ssimt_yf19', '2019-10-11 00:38:33', '2019-10-14 12:08:52', 432268, ''),
(42, 'VMS Institute of Management,  Batala', 'vmsim_yf19', '2019-10-11 00:38:56', '2019-10-14 12:08:52', 480037, ''),
(43, 'Vishwa mittar sekhri College of Pharmacy, Batala', 'vmscp_yf19', '2019-10-11 00:39:24', '2019-10-14 12:08:52', 539916, ''),
(44, 'Golden College of Engg & Tech, Gurdaspur', 'gcet_yf19', '2019-10-11 00:39:52', '2019-10-14 12:08:52', 450921, ''),
(45, 'Sri Guru Arjun Dev College of Management & Technology, Dhariwal, Gurdaspur', 'sgadcmt_yf19', '2019-10-11 00:40:20', '2019-10-14 12:08:52', 771855, ''),
(46, 'Golden Institute of Management & Tech. Gurdaspur', 'gimt_yf19', '2019-10-11 00:40:40', '2019-10-14 12:08:53', 776928, ''),
(47, 'PTURC Swami Sarvanad Institute of Engineering & Technology', 'pturcssiet_yf19', '2019-10-11 00:41:06', '2019-10-14 12:08:53', 359639, ''),
(48, 'Sukhjinder Institute of Science and Technology', 'sist_yf19', '2019-10-11 00:41:29', '2019-10-14 12:08:53', 254319, ''),
(49, 'PTURC BEANT COLLEGE OF ENGG. & TECH.', 'pturcbcet_yf19', '2019-10-11 00:41:52', '2019-10-14 12:08:53', 199141, ''),
(50, 'Shanti Devi Arya mahila College,Dinanagar', 'sdamc_yf19', '2019-10-11 00:42:12', '2019-10-14 12:08:53', 472689, ''),
(51, 'S.Sukhjinder Singh College of Pharmacy,Gurdaspur', 'ssscp_yf19', '2019-10-11 00:42:34', '2019-10-14 12:08:53', 288698, ''),
(52, 'Amritsar College of Engineering & Technology, Amritsar', 'acet_yf19', '2019-10-11 00:43:03', '2019-10-14 12:08:53', 280302, ''),
(53, 'Baba Kuma Singh Ji Engineering College, Amritsar', 'bksjec_yf19', '2019-10-11 00:43:23', '2019-10-14 12:08:53', 517203, ''),
(54, 'Global Institute of  Management and Emerging Technologies, Amritsar', 'gimet_yf19', '2019-10-11 00:43:43', '2019-10-14 12:08:53', 465208, ''),
(55, 'Khalsa College of Engineering & Technology, Amritsar', 'kcet_yf19', '2019-10-11 00:44:04', '2019-10-14 12:08:53', 309116, ''),
(56, 'Sai Institute of Engineering & Technology, Manawala, Amritsar', 'siet_yf19', '2019-10-11 00:44:30', '2019-10-14 12:08:53', 513877, ''),
(57, 'Global Institute of Management, Amritsar', 'gim_yf19', '2019-10-11 00:44:55', '2019-10-14 12:08:53', 574424, ''),
(59, 'Sai Institute of Management, Manawala, Amritsar.', 'simm_yf19', '2019-10-11 00:46:04', '2019-10-14 12:08:53', 855949, ''),
(60, 'Sidana Institute of Management & Technology, Khiala Khurd, Amritsar', 'simta_yf19', '2019-10-11 00:46:27', '2019-10-14 12:08:53', 773145, ''),
(61, 'Swami Satyanand College of Management & Technology , Amritsar', 'sscmt_yf19', '2019-10-11 00:46:50', '2019-10-14 12:08:53', 820644, ''),
(62, 'Govt. Institute of Pharmaceutical Science., Amritsar.', 'gips_yf19', '2019-10-11 00:47:12', '2019-10-14 12:08:53', 990708, ''),
(63, 'Khalsa College of Pharmacy,  Amritsar', 'kcp_yf19', '2019-10-11 00:47:38', '2019-10-14 12:08:53', 814423, ''),
(64, 'Sai Institute of Pharmaceutical Education & Res., Manawala, Amritsar', 'siper_yf19', '2019-10-11 00:47:58', '2019-10-14 12:08:53', 261092, ''),
(65, 'M. K. Education Societies Group of Institutions, Amritsar', 'mkesgi_yf19', '2019-10-11 00:48:21', '2019-10-14 12:08:53', 809445, ''),
(66, 'Satyam Institute of Management, Amritsar', 'sim_yf19', '2019-10-11 00:48:41', '2019-10-14 12:08:53', 567521, ''),
(67, 'Satyam Institute of Engineering & Technology, Kotla Doom, Amritsar', 'sietkd_yf19', '2019-10-11 00:48:59', '2019-10-14 12:08:53', 791307, ''),
(68, 'Sai School of Architecture, Manawala, Amritsar', 'ssa_yf19', '2019-10-11 00:49:19', '2019-10-14 12:08:53', 494055, ''),
(69, 'Guru Amar Dass College of Information Tech. and Mgt., Jandiala Guru', 'gadcitm_yf19', '2019-10-11 00:49:42', '2019-10-14 12:08:53', 847012, ''),
(70, 'CKD Institute of Management & Technology, Amritsar', 'ckdimta_yf19', '2019-10-11 00:50:01', '2019-10-14 12:08:53', 780456, ''),
(71, 'Khalsa College of Pharmacy and Technology,Amritsar', 'kcpt_yf19', '2019-10-11 00:50:22', '2019-10-14 12:08:53', 658849, ''),
(72, 'PTURC Khalsa College of Engineering & Technology, Amritsar', 'pturckcet_yf19', '2019-10-11 00:50:43', '2019-10-14 12:08:53', 415950, ''),
(73, 'Amritsar college of Hotel Management and Technology', 'achmt_yf19', '2019-10-11 00:51:01', '2019-10-14 12:08:53', 907168, ''),
(74, 'PTURC GLOBAL INSTITUTE OF MANAGEMENT AND EMERGING TECHNOLOGIES', 'pturcgimet_yf19', '2019-10-11 00:51:38', '2019-10-14 12:08:53', 360376, ''),
(75, 'RADICAL BUSINESS SCHOOL', 'rbs_yf19', '2019-10-11 00:51:55', '2019-10-14 12:08:53', 191324, ''),
(76, 'RADICAL TECHNICAL INSTITUTE', 'rti_yf19', '2019-10-11 00:52:13', '2019-10-14 12:08:53', 523900, ''),
(77, 'PTURC-Amritsar College of Engineering & Technology, Amritsar', 'pturcacet_yf19', '2019-10-11 00:52:32', '2019-10-14 12:08:53', 387336, ''),
(78, 'SAINIK INSTITUTE OF IT & MANAGEMENT,Amritsar', 'siitm_yf19', '2019-10-11 00:52:48', '2019-10-14 12:08:53', 367518, ''),
(79, 'Khalsa College of Management & Technology,Amritsar', 'kcmt_yf19', '2019-10-11 00:53:03', '2019-10-14 12:08:53', 652960, ''),
(80, 'BABA KUMA SINGH JI DEGREE COLLEGE,AMRITSAR', 'bksjdc_yf19', '2019-10-11 00:53:23', '2019-10-14 12:08:53', 110656, ''),
(81, 'Radical Business School,Amritsar', 'rbsa_yf19', '2019-10-11 00:53:40', '2019-10-14 12:08:53', 877748, ''),
(82, 'Satyam Institute of Pharmaceutical Sciences & Research, Kotla Doom, Amritsar', 'sipser_yf19', '2019-10-11 00:53:57', '2019-10-14 12:08:53', 453961, ''),
(83, 'M.K. Institute of Management, Sohian Khurd, Amritsar', 'mkim_yf19', '2019-10-11 00:54:22', '2019-10-14 12:08:53', 611308, ''),
(84, 'Aman Bhalla Institute of Engineering  & Technology, Jhakolari, Pathankot.', 'abietj_yf19', '2019-10-11 00:54:42', '2019-10-14 12:08:53', 658802, ''),
(85, 'A & M Institute of Computer & Technology, Pathankot', 'amict_yf19', '2019-10-11 00:54:58', '2019-10-14 12:08:53', 185757, ''),
(86, 'A & M Institute of Management & Technology, Pathankot', 'amimt_yf19', '2019-10-11 00:55:17', '2019-10-14 12:08:53', 641545, ''),
(87, 'Sri Sai Iqbal College of Management & Information Technology, Badhani', 'ssicmit_yf19', '2019-10-11 00:55:36', '2019-10-14 12:08:54', 131427, ''),
(88, 'Shri Sai College of Pharmacy,  Badhani, Pathankot', 'sscp_yf19', '2019-10-11 00:55:58', '2019-10-14 12:08:54', 320998, ''),
(89, 'Sukhjinder Technical Campus, Dunera, Gurdaspur', 'stc_yf19', '2019-10-11 00:56:17', '2019-10-14 12:08:54', 368267, ''),
(90, 'Tawi Engineering College, Shahpur Kandi,  Gurdaspur', 'tec_yf19', '2019-10-11 00:56:40', '2019-10-14 12:08:54', 788177, ''),
(91, 'Sri Sai School of Architecture, Badhani, Pathankot', 'sssa_yf19', '2019-10-11 00:57:14', '2019-10-14 12:08:54', 627295, ''),
(92, 'Sukhjinder Institute of Computer Science & Management, Dunera, Pathankot', 'sicsm_yf19', '2019-10-11 00:57:35', '2019-10-14 12:08:54', 644966, ''),
(93, 'Aman Bhalla Institute of Engineering & Technology', 'abiet_yf19', '2019-10-11 00:57:52', '2019-10-14 12:08:54', 681804, ''),
(94, 'AMAN BHALLA INSTITUTE OF MANAGEMENT', 'abim_yf19', '2019-10-11 00:58:11', '2019-10-14 12:08:54', 866327, ''),
(95, 'Shiv Shankar Institute of Engineering  & Tech, Patti', 'shsiet_yf19', '2019-10-11 00:58:30', '2019-10-14 12:08:54', 108871, ''),
(96, 'Shaheed Bhagat Singh Polytechnic & Pharmacy College, Patti', 'sbsppc_yf19', '2019-10-11 00:58:49', '2019-10-14 12:08:54', 660004, ''),
(97, 'CKD Institute of Management & Technology,Tarn Taran', 'ckdimt_yf19', '2019-10-11 00:59:12', '2019-10-14 12:08:54', 915685, '');

-- --------------------------------------------------------

--
-- Table structure for table `events`
--

CREATE TABLE `events` (
  `id` bigint(20) UNSIGNED NOT NULL,
  `name` varchar(191) COLLATE utf8mb4_unicode_ci NOT NULL,
  `description` text COLLATE utf8mb4_unicode_ci NOT NULL,
  `time_length` varchar(191) COLLATE utf8mb4_unicode_ci NOT NULL,
  `max_participants` int(11) NOT NULL,
  `max_accomp` int(11) NOT NULL,
  `organised_by` varchar(191) COLLATE utf8mb4_unicode_ci NOT NULL,
  `created_at` timestamp NULL DEFAULT NULL,
  `updated_at` timestamp NULL DEFAULT NULL
) ENGINE=InnoDB DEFAULT CHARSET=utf8mb4 COLLATE=utf8mb4_unicode_ci;

--
-- Dumping data for table `events`
--

INSERT INTO `events` (`id`, `name`, `description`, `time_length`, `max_participants`, `max_accomp`, `organised_by`, `created_at`, `updated_at`) VALUES
(2, 'Classical Vocal solo', '.', '.', 1, 2, 'DAVIET, Jalandhar', '2019-10-11 00:05:25', '2019-10-14 11:01:32'),
(3, 'Classical Instrumental Solo(Percussion)', '.', '.', 1, 2, 'DAVIET, Jalandhar', '2019-10-11 00:06:29', '2019-10-14 11:01:38'),
(4, 'Classical Instrumental Solo(Non-Percussion)', '.', '.', 1, 2, 'DAVIET, Jalandhar', '2019-10-11 00:07:56', '2019-10-14 11:01:43'),
(5, 'Folk Song', '.', '.', 1, 2, 'DAVIET, Jalandhar', '2019-10-11 00:08:26', '2019-10-14 11:01:48'),
(6, 'Vaar Singing', '.', '.', 2, 2, 'DAVIET, Jalandhar', '2019-10-11 00:08:52', '2019-10-14 11:01:54'),
(7, 'Western Vocal Solo', '.', '.', 1, 2, 'DAVIET, Jalandhar', '2019-10-11 00:09:28', '2019-10-14 11:01:59'),
(8, 'Group Song(Indian)', '.', '.', 6, 3, 'DAVIET, Jalandhar', '2019-10-11 00:10:16', '2019-10-14 11:02:04'),
(9, 'Group Song(Western)', '.', '.', 6, 3, 'DAVIET, Jalandhar', '2019-10-11 00:10:51', '2019-10-14 11:02:09'),
(10, 'Group Shabad/Bhajan', '.', '.', 6, 3, 'DAVIET, Jalandhar', '2019-10-11 00:11:33', '2019-10-14 11:02:15'),
(11, 'Light Vocal Indian', '.', '.', 1, 2, 'DAVIET, Jalandhar', '2019-10-11 00:12:00', '2019-10-14 11:02:22'),
(12, 'Punjabi Folk Dance(Boys) Bhangra', '.', '.', 10, 5, 'DAVIET, Jalandhar', '2019-10-11 01:07:02', '2019-10-14 11:02:28'),
(13, 'Punjabi Folk Dance(Girls) Giddha', '.', '.', 11, 1, 'DAVIET, Jalandhar', '2019-10-11 01:08:10', '2019-10-16 12:49:42'),
(14, 'One Act Play', '.', '.', 9, 3, 'DAVIET, Jalandhar', '2019-10-11 01:08:48', '2019-10-14 11:02:39'),
(15, 'Skit', '.', '.', 6, 3, 'DAVIET, Jalandhar', '2019-10-11 01:09:11', '2019-10-14 11:02:45'),
(16, 'Mime', '.', '.', 6, 2, 'DAVIET, Jalandhar', '2019-10-11 01:09:45', '2019-10-14 11:02:50'),
(17, 'Mimicry', '.', '.', 1, 0, 'DAVIET, Jalandhar', '2019-10-11 01:10:44', '2019-10-14 11:02:55'),
(18, 'On Spot Painting', '.', '.', 1, 0, 'DAVIET, Jalandhar', '2019-10-11 01:11:25', '2019-10-14 11:03:00'),
(19, 'Collage', '.', '.', 1, 0, 'DAVIET, Jalandhar', '2019-10-11 01:11:48', '2019-10-14 11:03:06'),
(20, 'Poster Making', '.', '.', 1, 0, 'DAVIET, Jalandhar', '2019-10-11 01:12:19', '2019-10-14 11:03:12'),
(21, 'Clay Modelling', '.', '.', 1, 0, 'DAVIET, Jalandhar', '2019-10-11 01:12:42', '2019-10-14 11:03:18'),
(22, 'Cartooning', '.', '.', 1, 0, 'DAVIET, Jalandhar', '2019-10-11 01:13:24', '2019-10-14 11:03:24'),
(23, 'Rangoli', '.', '.', 1, 0, 'DAVIET, Jalandhar', '2019-10-11 01:13:54', '2019-10-14 16:39:13'),
(24, 'Spot Photography', '.', '.', 1, 0, 'DAVIET, Jalandhar', '2019-10-11 01:14:19', '2019-10-14 11:03:36'),
(25, 'Mehndi', '.', '.', 1, 1, 'DAVIET, Jalandhar', '2019-10-11 01:14:43', '2019-10-14 11:03:41'),
(26, 'Quiz', '.', '.', 3, 0, 'DAVIET, Jalandhar', '2019-10-11 01:15:08', '2019-10-14 11:03:46'),
(27, 'Elocution', '.', '.', 1, 0, 'DAVIET, Jalandhar', '2019-10-11 01:15:35', '2019-10-14 11:03:51'),
(28, 'Debate', '.', '.', 2, 0, 'DAVIET, Jalandhar', '2019-10-11 01:16:01', '2019-10-14 11:03:56'),
(29, 'Poem Recitation', '.', '.', 1, 0, 'DAVIET, Jalandhar', '2019-10-11 01:16:32', '2019-10-14 11:04:05'),
(30, 'Creative writing', '.', '.', 3, 0, 'DAVIET, Jalandhar', '2019-10-11 01:17:15', '2019-10-14 11:04:15'),
(31, 'Other States Folk Dance(Exhibiton Event)', '.', '.', 10, 5, 'DAVIET, Jalandhar', '2019-10-11 01:18:14', '2019-10-14 11:04:23'),
(32, 'Classical Dance', '.', '.', 1, 3, 'DAVIET, Jalandhar', '2019-10-11 01:18:46', '2019-10-14 11:04:29'),
(33, 'International Folk Dance', '.', '.', 10, 5, 'DAVIET, Jalandhar', '2019-10-11 01:19:22', '2019-10-14 11:04:36');

-- --------------------------------------------------------

--
-- Table structure for table `event_relations`
--

CREATE TABLE `event_relations` (
  `id` bigint(20) UNSIGNED NOT NULL,
  `event` int(11) NOT NULL,
  `student` int(11) NOT NULL,
  `created_at` timestamp NULL DEFAULT NULL,
  `updated_at` timestamp NULL DEFAULT NULL
) ENGINE=InnoDB DEFAULT CHARSET=utf8mb4 COLLATE=utf8mb4_unicode_ci;

--
-- Dumping data for table `event_relations`
--

INSERT INTO `event_relations` (`id`, `event`, `student`, `created_at`, `updated_at`) VALUES
(4, 6, 8, '2019-10-14 12:03:55', '2019-10-14 12:03:55'),
(5, 7, 8, '2019-10-14 12:03:55', '2019-10-14 12:03:55'),
(6, 5, 9, '2019-10-14 12:07:55', '2019-10-14 12:07:55'),
(7, 9, 9, '2019-10-14 12:07:55', '2019-10-14 12:07:55'),
(8, 15, 9, '2019-10-14 12:07:56', '2019-10-14 12:07:56'),
(9, 25, 9, '2019-10-14 12:07:56', '2019-10-14 12:07:56'),
(18, 8, 10, '2019-10-14 12:54:18', '2019-10-14 12:54:18'),
(19, 10, 10, '2019-10-14 12:54:18', '2019-10-14 12:54:18'),
(29, 2, 7, '2019-10-14 12:58:00', '2019-10-14 12:58:00'),
(30, 7, 7, '2019-10-14 12:58:00', '2019-10-14 12:58:00'),
(31, 33, 7, '2019-10-14 12:58:00', '2019-10-14 12:58:00'),
(32, 24, 12, '2019-10-14 13:05:04', '2019-10-14 13:05:04'),
(33, 22, 13, '2019-10-14 13:11:30', '2019-10-14 13:11:30'),
(40, 13, 20, '2019-10-14 13:38:15', '2019-10-14 13:38:15'),
(41, 21, 21, '2019-10-14 13:39:09', '2019-10-14 13:39:09'),
(44, 13, 18, '2019-10-14 14:09:27', '2019-10-14 14:09:27'),
(45, 10, 22, '2019-10-14 14:10:02', '2019-10-14 14:10:02'),
(46, 20, 22, '2019-10-14 14:10:02', '2019-10-14 14:10:02'),
(47, 23, 23, '2019-10-14 14:15:30', '2019-10-14 14:15:30'),
(48, 13, 24, '2019-10-14 14:20:02', '2019-10-14 14:20:02'),
(50, 25, 26, '2019-10-14 14:23:06', '2019-10-14 14:23:06'),
(53, 13, 29, '2019-10-14 14:28:14', '2019-10-14 14:28:14'),
(57, 23, 31, '2019-10-14 14:32:09', '2019-10-14 14:32:09'),
(59, 13, 33, '2019-10-14 14:34:02', '2019-10-14 14:34:02'),
(60, 13, 34, '2019-10-14 14:34:09', '2019-10-14 14:34:09'),
(61, 25, 35, '2019-10-14 14:36:04', '2019-10-14 14:36:04'),
(62, 20, 36, '2019-10-14 14:38:34', '2019-10-14 14:38:34'),
(63, 23, 37, '2019-10-14 14:43:19', '2019-10-14 14:43:19'),
(66, 14, 40, '2019-10-14 15:05:44', '2019-10-14 15:05:44'),
(67, 16, 40, '2019-10-14 15:05:44', '2019-10-14 15:05:44'),
(68, 17, 40, '2019-10-14 15:05:44', '2019-10-14 15:05:44'),
(70, 25, 39, '2019-10-14 15:15:22', '2019-10-14 15:15:22'),
(71, 14, 42, '2019-10-14 15:19:02', '2019-10-14 15:19:02'),
(72, 15, 42, '2019-10-14 15:19:02', '2019-10-14 15:19:02'),
(73, 16, 42, '2019-10-14 15:19:02', '2019-10-14 15:19:02'),
(75, 22, 38, '2019-10-14 15:21:44', '2019-10-14 15:21:44'),
(77, 25, 43, '2019-10-14 15:28:14', '2019-10-14 15:28:14'),
(79, 2, 46, '2019-10-14 15:33:14', '2019-10-14 15:33:14'),
(80, 6, 46, '2019-10-14 15:33:14', '2019-10-14 15:33:14'),
(84, 12, 50, '2019-10-14 15:40:01', '2019-10-14 15:40:01'),
(87, 12, 52, '2019-10-14 15:43:52', '2019-10-14 15:43:52'),
(91, 12, 54, '2019-10-14 15:51:02', '2019-10-14 15:51:02'),
(92, 12, 55, '2019-10-14 15:54:45', '2019-10-14 15:54:45'),
(93, 12, 56, '2019-10-14 15:57:26', '2019-10-14 15:57:26'),
(97, 12, 60, '2019-10-14 16:10:48', '2019-10-14 16:10:48'),
(98, 12, 61, '2019-10-14 16:11:18', '2019-10-14 16:11:18'),
(100, 12, 66, '2019-10-14 16:13:13', '2019-10-14 16:13:13'),
(101, 12, 65, '2019-10-14 16:13:13', '2019-10-14 16:13:13'),
(102, 12, 64, '2019-10-14 16:13:13', '2019-10-14 16:13:13'),
(103, 12, 63, '2019-10-14 16:13:13', '2019-10-14 16:13:13'),
(104, 12, 67, '2019-10-14 16:13:13', '2019-10-14 16:13:13'),
(105, 12, 72, '2019-10-14 16:13:13', '2019-10-14 16:13:13'),
(106, 12, 77, '2019-10-14 16:13:13', '2019-10-14 16:13:13'),
(107, 12, 68, '2019-10-14 16:13:13', '2019-10-14 16:13:13'),
(108, 12, 73, '2019-10-14 16:13:13', '2019-10-14 16:13:13'),
(109, 12, 71, '2019-10-14 16:13:13', '2019-10-14 16:13:13'),
(110, 12, 81, '2019-10-14 16:13:13', '2019-10-14 16:13:13'),
(111, 12, 80, '2019-10-14 16:13:13', '2019-10-14 16:13:13'),
(112, 12, 84, '2019-10-14 16:13:13', '2019-10-14 16:13:13'),
(113, 12, 70, '2019-10-14 16:13:13', '2019-10-14 16:13:13'),
(114, 12, 78, '2019-10-14 16:13:13', '2019-10-14 16:13:13'),
(115, 12, 83, '2019-10-14 16:13:13', '2019-10-14 16:13:13'),
(116, 12, 85, '2019-10-14 16:13:13', '2019-10-14 16:13:13'),
(117, 12, 82, '2019-10-14 16:13:13', '2019-10-14 16:13:13'),
(118, 12, 76, '2019-10-14 16:13:13', '2019-10-14 16:13:13'),
(119, 12, 75, '2019-10-14 16:13:13', '2019-10-14 16:13:13'),
(120, 12, 79, '2019-10-14 16:13:13', '2019-10-14 16:13:13'),
(121, 12, 69, '2019-10-14 16:13:13', '2019-10-14 16:13:13'),
(122, 12, 74, '2019-10-14 16:13:13', '2019-10-14 16:13:13'),
(123, 14, 86, '2019-10-14 16:18:59', '2019-10-14 16:18:59'),
(124, 15, 86, '2019-10-14 16:18:59', '2019-10-14 16:18:59'),
(128, 14, 89, '2019-10-14 16:30:48', '2019-10-14 16:30:48'),
(129, 14, 90, '2019-10-14 16:30:59', '2019-10-14 16:30:59'),
(130, 28, 91, '2019-10-14 16:33:16', '2019-10-14 16:33:16'),
(131, 5, 92, '2019-10-14 16:36:10', '2019-10-14 16:36:10'),
(132, 8, 92, '2019-10-14 16:36:10', '2019-10-14 16:36:10'),
(133, 14, 93, '2019-10-14 16:40:24', '2019-10-14 16:40:24'),
(134, 15, 93, '2019-10-14 16:40:24', '2019-10-14 16:40:24'),
(137, 28, 95, '2019-10-14 16:44:10', '2019-10-14 16:44:10'),
(139, 10, 97, '2019-10-14 16:49:05', '2019-10-14 16:49:05'),
(140, 15, 98, '2019-10-14 16:49:06', '2019-10-14 16:49:06'),
(141, 16, 99, '2019-10-14 16:52:53', '2019-10-14 16:52:53'),
(142, 8, 100, '2019-10-14 16:55:31', '2019-10-14 16:55:31'),
(143, 16, 101, '2019-10-14 16:55:34', '2019-10-14 16:55:34'),
(144, 16, 102, '2019-10-14 16:58:19', '2019-10-14 16:58:19'),
(146, 25, 103, '2019-10-14 16:59:44', '2019-10-14 16:59:44'),
(147, 16, 104, '2019-10-14 17:00:53', '2019-10-14 17:00:53'),
(156, 14, 105, '2019-10-14 17:22:33', '2019-10-14 17:22:33'),
(157, 15, 105, '2019-10-14 17:22:33', '2019-10-14 17:22:33'),
(161, 14, 106, '2019-10-14 17:32:03', '2019-10-14 17:32:03'),
(162, 15, 106, '2019-10-14 17:32:03', '2019-10-14 17:32:03'),
(163, 16, 106, '2019-10-14 17:32:03', '2019-10-14 17:32:03'),
(164, 14, 107, '2019-10-14 17:33:39', '2019-10-14 17:33:39'),
(165, 15, 108, '2019-10-14 17:38:49', '2019-10-14 17:38:49'),
(166, 16, 108, '2019-10-14 17:38:49', '2019-10-14 17:38:49'),
(169, 26, 109, '2019-10-15 11:01:41', '2019-10-15 11:01:41'),
(170, 26, 110, '2019-10-15 11:05:57', '2019-10-15 11:05:57'),
(171, 26, 111, '2019-10-15 11:09:41', '2019-10-15 11:09:41'),
(172, 29, 112, '2019-10-15 11:14:11', '2019-10-15 11:14:11'),
(174, 28, 114, '2019-10-15 11:19:04', '2019-10-15 11:19:04'),
(175, 27, 115, '2019-10-15 11:20:50', '2019-10-15 11:20:50'),
(178, 28, 116, '2019-10-15 11:31:03', '2019-10-15 11:31:03'),
(182, 25, 119, '2019-10-15 11:55:05', '2019-10-15 11:55:05'),
(183, 22, 120, '2019-10-15 11:58:31', '2019-10-15 11:58:31'),
(184, 6, 121, '2019-10-15 12:01:30', '2019-10-15 12:01:30'),
(185, 6, 122, '2019-10-15 12:05:14', '2019-10-15 12:05:14'),
(186, 10, 94, '2019-10-15 12:05:18', '2019-10-15 12:05:18'),
(187, 11, 94, '2019-10-15 12:05:18', '2019-10-15 12:05:18'),
(188, 6, 123, '2019-10-15 12:06:37', '2019-10-15 12:06:37'),
(189, 6, 124, '2019-10-15 12:08:25', '2019-10-15 12:08:25'),
(190, 12, 51, '2019-10-15 12:35:23', '2019-10-15 12:35:23'),
(192, 12, 45, '2019-10-15 12:38:11', '2019-10-15 12:38:11'),
(193, 30, 125, '2019-10-15 12:41:32', '2019-10-15 12:41:32'),
(196, 12, 44, '2019-10-15 13:00:25', '2019-10-15 13:00:25'),
(197, 14, 126, '2019-10-15 13:44:58', '2019-10-15 13:44:58'),
(198, 17, 126, '2019-10-15 13:44:58', '2019-10-15 13:44:58'),
(199, 16, 127, '2019-10-15 13:54:44', '2019-10-15 13:54:44'),
(200, 8, 128, '2019-10-15 16:44:38', '2019-10-15 16:44:38'),
(201, 25, 129, '2019-10-15 16:45:34', '2019-10-15 16:45:34'),
(202, 30, 130, '2019-10-15 16:51:59', '2019-10-15 16:51:59'),
(203, 30, 131, '2019-10-15 16:51:59', '2019-10-15 16:51:59'),
(205, 30, 133, '2019-10-15 16:55:10', '2019-10-15 16:55:10'),
(206, 30, 132, '2019-10-15 16:55:41', '2019-10-15 16:55:41'),
(207, 27, 134, '2019-10-15 16:58:01', '2019-10-15 16:58:01'),
(208, 28, 135, '2019-10-15 17:00:09', '2019-10-15 17:00:09'),
(209, 13, 136, '2019-10-15 17:04:42', '2019-10-15 17:04:42'),
(210, 28, 137, '2019-10-15 17:06:55', '2019-10-15 17:06:55'),
(211, 8, 138, '2019-10-15 17:09:13', '2019-10-15 17:09:13'),
(212, 28, 139, '2019-10-15 17:10:01', '2019-10-15 17:10:01'),
(214, 8, 141, '2019-10-15 17:15:24', '2019-10-15 17:15:24'),
(216, 20, 11, '2019-10-15 17:16:43', '2019-10-15 17:16:43'),
(224, 4, 144, '2019-10-15 17:28:26', '2019-10-15 17:28:26'),
(225, 8, 144, '2019-10-15 17:28:26', '2019-10-15 17:28:26'),
(233, 12, 145, '2019-10-15 17:34:31', '2019-10-15 17:34:31'),
(234, 12, 146, '2019-10-15 17:36:38', '2019-10-15 17:36:38'),
(235, 12, 142, '2019-10-15 17:37:21', '2019-10-15 17:37:21'),
(236, 12, 147, '2019-10-15 17:40:42', '2019-10-15 17:40:42'),
(242, 4, 143, '2019-10-15 17:44:50', '2019-10-15 17:44:50'),
(243, 9, 143, '2019-10-15 17:44:50', '2019-10-15 17:44:50'),
(244, 21, 143, '2019-10-15 17:44:50', '2019-10-15 17:44:50'),
(245, 26, 143, '2019-10-15 17:44:50', '2019-10-15 17:44:50'),
(246, 12, 148, '2019-10-15 17:45:42', '2019-10-15 17:45:42'),
(250, 30, 113, '2019-10-15 17:52:17', '2019-10-15 17:52:17'),
(256, 30, 118, '2019-10-15 18:04:09', '2019-10-15 18:04:09'),
(257, 19, 28, '2019-10-15 18:05:22', '2019-10-15 18:05:22'),
(259, 17, 149, '2019-10-15 19:17:50', '2019-10-15 19:17:50'),
(260, 23, 149, '2019-10-15 19:17:50', '2019-10-15 19:17:50'),
(261, 26, 149, '2019-10-15 19:17:50', '2019-10-15 19:17:50'),
(264, 26, 151, '2019-10-15 21:40:31', '2019-10-15 21:40:31'),
(265, 22, 150, '2019-10-15 21:42:22', '2019-10-15 21:42:22'),
(266, 30, 150, '2019-10-15 21:42:22', '2019-10-15 21:42:22'),
(267, 26, 152, '2019-10-15 21:54:17', '2019-10-15 21:54:17'),
(268, 28, 153, '2019-10-15 22:09:00', '2019-10-15 22:09:00'),
(272, 28, 154, '2019-10-16 10:52:51', '2019-10-16 10:52:51'),
(273, 30, 155, '2019-10-16 10:53:49', '2019-10-16 10:53:49'),
(274, 12, 140, '2019-10-16 10:56:51', '2019-10-16 10:56:51'),
(275, 19, 156, '2019-10-16 10:57:45', '2019-10-16 10:57:45'),
(276, 12, 157, '2019-10-16 11:01:54', '2019-10-16 11:01:54'),
(277, 24, 158, '2019-10-16 11:02:07', '2019-10-16 11:02:07'),
(278, 12, 159, '2019-10-16 11:04:04', '2019-10-16 11:04:04'),
(279, 20, 160, '2019-10-16 11:05:20', '2019-10-16 11:05:20'),
(280, 12, 161, '2019-10-16 11:07:20', '2019-10-16 11:07:20'),
(282, 23, 163, '2019-10-16 11:11:44', '2019-10-16 11:11:44'),
(283, 25, 164, '2019-10-16 11:12:29', '2019-10-16 11:12:29'),
(288, 14, 57, '2019-10-16 11:15:01', '2019-10-16 11:15:01'),
(289, 18, 165, '2019-10-16 11:15:08', '2019-10-16 11:15:08'),
(290, 29, 166, '2019-10-16 11:26:01', '2019-10-16 11:26:01'),
(291, 30, 167, '2019-10-16 11:29:17', '2019-10-16 11:29:17'),
(292, 14, 41, '2019-10-16 11:31:29', '2019-10-16 11:31:29'),
(293, 13, 17, '2019-10-16 11:34:57', '2019-10-16 11:34:57'),
(294, 13, 19, '2019-10-16 11:35:30', '2019-10-16 11:35:30'),
(295, 26, 168, '2019-10-16 11:38:26', '2019-10-16 11:38:26'),
(296, 9, 169, '2019-10-16 11:43:25', '2019-10-16 11:43:25'),
(297, 10, 169, '2019-10-16 11:43:25', '2019-10-16 11:43:25'),
(298, 9, 170, '2019-10-16 11:46:44', '2019-10-16 11:46:44'),
(299, 10, 170, '2019-10-16 11:46:44', '2019-10-16 11:46:44'),
(300, 9, 117, '2019-10-16 11:50:27', '2019-10-16 11:50:27'),
(301, 10, 117, '2019-10-16 11:50:27', '2019-10-16 11:50:27'),
(302, 10, 171, '2019-10-16 11:57:08', '2019-10-16 11:57:08'),
(303, 15, 96, '2019-10-16 11:59:02', '2019-10-16 11:59:02'),
(304, 8, 172, '2019-10-16 12:02:32', '2019-10-16 12:02:32'),
(305, 10, 172, '2019-10-16 12:02:32', '2019-10-16 12:02:32'),
(306, 10, 173, '2019-10-16 12:10:15', '2019-10-16 12:10:15'),
(307, 4, 174, '2019-10-16 12:24:03', '2019-10-16 12:24:03'),
(308, 8, 174, '2019-10-16 12:24:03', '2019-10-16 12:24:03'),
(309, 11, 174, '2019-10-16 12:24:03', '2019-10-16 12:24:03'),
(310, 5, 175, '2019-10-16 12:27:28', '2019-10-16 12:27:28'),
(311, 8, 175, '2019-10-16 12:27:28', '2019-10-16 12:27:28'),
(314, 7, 178, '2019-10-16 12:30:54', '2019-10-16 12:30:54'),
(315, 8, 178, '2019-10-16 12:30:54', '2019-10-16 12:30:54'),
(316, 9, 178, '2019-10-16 12:30:54', '2019-10-16 12:30:54'),
(317, 12, 179, '2019-10-16 12:32:47', '2019-10-16 12:32:47'),
(319, 2, 181, '2019-10-16 12:34:04', '2019-10-16 12:34:04'),
(320, 8, 181, '2019-10-16 12:34:04', '2019-10-16 12:34:04'),
(321, 18, 14, '2019-10-16 12:34:42', '2019-10-16 12:34:42'),
(322, 2, 182, '2019-10-16 12:41:23', '2019-10-16 12:41:23'),
(323, 4, 182, '2019-10-16 12:41:24', '2019-10-16 12:41:24'),
(324, 10, 182, '2019-10-16 12:41:24', '2019-10-16 12:41:24'),
(325, 8, 183, '2019-10-16 12:42:02', '2019-10-16 12:42:02'),
(326, 10, 183, '2019-10-16 12:42:02', '2019-10-16 12:42:02'),
(328, 12, 62, '2019-10-16 12:46:31', '2019-10-16 12:46:31'),
(329, 29, 184, '2019-10-16 12:46:57', '2019-10-16 12:46:57'),
(331, 19, 185, '2019-10-16 13:04:21', '2019-10-16 13:04:21'),
(332, 20, 186, '2019-10-16 13:06:41', '2019-10-16 13:06:41'),
(333, 13, 16, '2019-10-16 13:21:28', '2019-10-16 13:21:28'),
(334, 13, 25, '2019-10-16 13:22:45', '2019-10-16 13:22:45'),
(336, 13, 30, '2019-10-16 13:24:28', '2019-10-16 13:24:28'),
(337, 13, 27, '2019-10-16 13:25:51', '2019-10-16 13:25:51'),
(338, 13, 15, '2019-10-16 13:28:14', '2019-10-16 13:28:14'),
(339, 13, 187, '2019-10-16 13:33:02', '2019-10-16 13:33:02'),
(340, 14, 58, '2019-10-16 13:34:46', '2019-10-16 13:34:46'),
(341, 14, 87, '2019-10-16 13:36:30', '2019-10-16 13:36:30'),
(342, 15, 87, '2019-10-16 13:36:30', '2019-10-16 13:36:30'),
(346, 21, 191, '2019-10-16 14:39:23', '2019-10-16 14:39:23'),
(347, 25, 192, '2019-10-16 14:44:25', '2019-10-16 14:44:25'),
(348, 9, 193, '2019-10-16 14:45:37', '2019-10-16 14:45:37'),
(349, 25, 194, '2019-10-16 14:47:27', '2019-10-16 14:47:27'),
(350, 9, 195, '2019-10-16 14:50:41', '2019-10-16 14:50:41'),
(351, 7, 196, '2019-10-16 15:02:02', '2019-10-16 15:02:02'),
(352, 9, 196, '2019-10-16 15:02:02', '2019-10-16 15:02:02'),
(353, 10, 196, '2019-10-16 15:02:02', '2019-10-16 15:02:02'),
(354, 9, 197, '2019-10-16 15:11:32', '2019-10-16 15:11:32'),
(356, 9, 199, '2019-10-16 15:23:05', '2019-10-16 15:23:05'),
(357, 9, 198, '2019-10-16 15:23:39', '2019-10-16 15:23:39'),
(358, 9, 200, '2019-10-16 15:30:28', '2019-10-16 15:30:28'),
(359, 9, 201, '2019-10-16 15:30:31', '2019-10-16 15:30:31'),
(360, 9, 202, '2019-10-16 15:44:32', '2019-10-16 15:44:32'),
(361, 9, 203, '2019-10-16 15:56:30', '2019-10-16 15:56:30'),
(362, 12, 204, '2019-10-16 16:11:44', '2019-10-16 16:11:44'),
(363, 12, 49, '2019-10-16 16:39:34', '2019-10-16 16:39:34'),
(364, 3, 190, '2019-10-16 16:41:52', '2019-10-16 16:41:52'),
(366, 12, 53, '2019-10-16 16:44:43', '2019-10-16 16:44:43'),
(367, 12, 48, '2019-10-16 16:46:26', '2019-10-16 16:46:26'),
(368, 3, 205, '2019-10-16 16:47:04', '2019-10-16 16:47:04'),
(369, 5, 205, '2019-10-16 16:47:04', '2019-10-16 16:47:04'),
(370, 8, 205, '2019-10-16 16:47:04', '2019-10-16 16:47:04'),
(371, 10, 205, '2019-10-16 16:47:04', '2019-10-16 16:47:04'),
(372, 11, 205, '2019-10-16 16:47:04', '2019-10-16 16:47:04'),
(373, 12, 47, '2019-10-16 16:48:12', '2019-10-16 16:48:12'),
(374, 12, 162, '2019-10-16 16:49:25', '2019-10-16 16:49:25'),
(375, 24, 206, '2019-10-16 16:59:11', '2019-10-16 16:59:11'),
(376, 9, 207, '2019-10-16 17:00:42', '2019-10-16 17:00:42'),
(377, 13, 208, '2019-10-16 17:05:30', '2019-10-16 17:05:30'),
(378, 17, 209, '2019-10-16 17:06:44', '2019-10-16 17:06:44'),
(379, 18, 210, '2019-10-16 17:09:35', '2019-10-16 17:09:35'),
(381, 13, 212, '2019-10-16 17:14:29', '2019-10-16 17:14:29'),
(384, 13, 214, '2019-10-16 17:20:01', '2019-10-16 17:20:01'),
(385, 13, 211, '2019-10-16 17:20:35', '2019-10-16 17:20:35'),
(386, 13, 213, '2019-10-16 17:21:10', '2019-10-16 17:21:10'),
(387, 13, 215, '2019-10-16 17:23:05', '2019-10-16 17:23:05'),
(388, 25, 216, '2019-10-16 17:28:35', '2019-10-16 17:28:35'),
(390, 7, 189, '2019-10-16 17:31:33', '2019-10-16 17:31:33'),
(391, 13, 218, '2019-10-16 17:31:37', '2019-10-16 17:31:37'),
(392, 2, 219, '2019-10-16 17:34:56', '2019-10-16 17:34:56'),
(393, 3, 219, '2019-10-16 17:34:56', '2019-10-16 17:34:56'),
(394, 13, 220, '2019-10-16 17:35:08', '2019-10-16 17:35:08'),
(395, 13, 221, '2019-10-16 17:38:30', '2019-10-16 17:38:30'),
(396, 13, 222, '2019-10-16 17:41:39', '2019-10-16 17:41:39'),
(399, 2, 223, '2019-10-16 17:46:03', '2019-10-16 17:46:03'),
(400, 6, 223, '2019-10-16 17:46:03', '2019-10-16 17:46:03'),
(401, 10, 224, '2019-10-16 17:49:45', '2019-10-16 17:49:45'),
(402, 10, 225, '2019-10-16 17:51:20', '2019-10-16 17:51:20'),
(403, 10, 226, '2019-10-16 17:58:09', '2019-10-16 17:58:09'),
(404, 10, 227, '2019-10-16 17:59:45', '2019-10-16 17:59:45'),
(406, 8, 229, '2019-10-16 18:01:03', '2019-10-16 18:01:03'),
(407, 10, 229, '2019-10-16 18:01:03', '2019-10-16 18:01:03'),
(408, 8, 230, '2019-10-16 18:01:05', '2019-10-16 18:01:05'),
(409, 10, 230, '2019-10-16 18:01:05', '2019-10-16 18:01:05'),
(410, 8, 231, '2019-10-16 18:01:16', '2019-10-16 18:01:16'),
(411, 10, 231, '2019-10-16 18:01:16', '2019-10-16 18:01:16'),
(412, 8, 232, '2019-10-16 18:01:17', '2019-10-16 18:01:17'),
(413, 10, 232, '2019-10-16 18:01:17', '2019-10-16 18:01:17'),
(414, 13, 233, '2019-10-16 18:03:42', '2019-10-16 18:03:42'),
(415, 10, 234, '2019-10-16 18:04:48', '2019-10-16 18:04:48'),
(416, 3, 235, '2019-10-16 18:05:37', '2019-10-16 18:05:37'),
(417, 8, 235, '2019-10-16 18:05:37', '2019-10-16 18:05:37'),
(418, 10, 235, '2019-10-16 18:05:37', '2019-10-16 18:05:37'),
(419, 13, 236, '2019-10-16 18:07:48', '2019-10-16 18:07:48'),
(420, 13, 237, '2019-10-16 18:09:20', '2019-10-16 18:09:20'),
(421, 27, 238, '2019-10-16 18:11:24', '2019-10-16 18:11:24'),
(422, 10, 239, '2019-10-16 18:11:46', '2019-10-16 18:11:46'),
(424, 8, 241, '2019-10-16 18:17:39', '2019-10-16 18:17:39'),
(425, 10, 242, '2019-10-16 18:20:01', '2019-10-16 18:20:01'),
(427, 8, 244, '2019-10-16 18:21:31', '2019-10-16 18:21:31'),
(428, 10, 245, '2019-10-16 18:23:40', '2019-10-16 18:23:40'),
(429, 8, 246, '2019-10-16 18:25:39', '2019-10-16 18:25:39'),
(430, 8, 247, '2019-10-16 18:26:44', '2019-10-16 18:26:44'),
(431, 5, 248, '2019-10-16 18:29:36', '2019-10-16 18:29:36'),
(432, 8, 248, '2019-10-16 18:29:36', '2019-10-16 18:29:36'),
(433, 10, 248, '2019-10-16 18:29:36', '2019-10-16 18:29:36'),
(434, 11, 248, '2019-10-16 18:29:36', '2019-10-16 18:29:36'),
(435, 8, 249, '2019-10-16 18:30:24', '2019-10-16 18:30:24'),
(437, 10, 251, '2019-10-16 18:34:06', '2019-10-16 18:34:06'),
(438, 25, 217, '2019-10-16 18:34:29', '2019-10-16 18:34:29'),
(439, 28, 180, '2019-10-16 18:35:01', '2019-10-16 18:35:01'),
(440, 28, 176, '2019-10-16 18:35:33', '2019-10-16 18:35:33'),
(441, 23, 252, '2019-10-16 18:41:20', '2019-10-16 18:41:20'),
(443, 5, 254, '2019-10-16 18:59:56', '2019-10-16 18:59:56'),
(444, 11, 255, '2019-10-16 19:02:52', '2019-10-16 19:02:52'),
(447, 12, 258, '2019-10-16 21:16:09', '2019-10-16 21:16:09'),
(448, 12, 259, '2019-10-16 21:16:10', '2019-10-16 21:16:10'),
(449, 12, 260, '2019-10-16 21:16:23', '2019-10-16 21:16:23'),
(450, 12, 261, '2019-10-16 21:17:41', '2019-10-16 21:17:41'),
(454, 12, 265, '2019-10-16 21:24:07', '2019-10-16 21:24:07'),
(455, 12, 266, '2019-10-16 21:24:30', '2019-10-16 21:24:30'),
(456, 12, 267, '2019-10-16 21:24:47', '2019-10-16 21:24:47'),
(457, 12, 263, '2019-10-16 21:26:19', '2019-10-16 21:26:19'),
(462, 12, 272, '2019-10-16 21:37:55', '2019-10-16 21:37:55'),
(466, 12, 275, '2019-10-16 21:51:48', '2019-10-16 21:51:48'),
(467, 12, 276, '2019-10-16 21:55:04', '2019-10-16 21:55:04'),
(468, 28, 277, '2019-10-16 22:37:00', '2019-10-16 22:37:00'),
(470, 26, 279, '2019-10-16 22:39:48', '2019-10-16 22:39:48'),
(473, 30, 280, '2019-10-16 22:58:57', '2019-10-16 22:58:57'),
(474, 29, 281, '2019-10-16 23:05:02', '2019-10-16 23:05:02'),
(475, 27, 282, '2019-10-16 23:17:34', '2019-10-16 23:17:34'),
(476, 13, 283, '2019-10-16 23:19:00', '2019-10-16 23:19:00'),
(478, 26, 285, '2019-10-16 23:23:14', '2019-10-16 23:23:14'),
(479, 13, 286, '2019-10-16 23:25:05', '2019-10-16 23:25:05'),
(480, 13, 287, '2019-10-16 23:27:34', '2019-10-16 23:27:34'),
(481, 13, 288, '2019-10-16 23:29:40', '2019-10-16 23:29:40'),
(483, 16, 289, '2019-10-16 23:30:41', '2019-10-16 23:30:41'),
(484, 13, 290, '2019-10-16 23:36:35', '2019-10-16 23:36:35'),
(485, 13, 291, '2019-10-16 23:40:32', '2019-10-16 23:40:32'),
(486, 16, 292, '2019-10-16 23:41:14', '2019-10-16 23:41:14'),
(487, 16, 293, '2019-10-16 23:42:48', '2019-10-16 23:42:48'),
(488, 26, 294, '2019-10-16 23:46:35', '2019-10-16 23:46:35'),
(489, 30, 294, '2019-10-16 23:46:35', '2019-10-16 23:46:35'),
(490, 26, 295, '2019-10-16 23:48:07', '2019-10-16 23:48:07'),
(491, 26, 296, '2019-10-16 23:50:51', '2019-10-16 23:50:51'),
(492, 16, 297, '2019-10-17 00:01:47', '2019-10-17 00:01:47'),
(493, 30, 297, '2019-10-17 00:01:47', '2019-10-17 00:01:47'),
(494, 22, 298, '2019-10-17 00:20:37', '2019-10-17 00:20:37'),
(496, 13, 243, '2019-10-17 00:37:45', '2019-10-17 00:37:45'),
(497, 13, 300, '2019-10-17 00:44:42', '2019-10-17 00:44:42'),
(500, 15, 302, '2019-10-17 00:53:35', '2019-10-17 00:53:35'),
(501, 13, 303, '2019-10-17 00:54:22', '2019-10-17 00:54:22'),
(502, 14, 304, '2019-10-17 00:56:22', '2019-10-17 00:56:22'),
(503, 16, 305, '2019-10-17 01:03:35', '2019-10-17 01:03:35'),
(504, 13, 240, '2019-10-17 01:05:57', '2019-10-17 01:05:57'),
(505, 18, 240, '2019-10-17 01:05:57', '2019-10-17 01:05:57'),
(506, 23, 306, '2019-10-17 01:07:52', '2019-10-17 01:07:52'),
(510, 14, 310, '2019-10-17 01:34:48', '2019-10-17 01:34:48'),
(512, 15, 312, '2019-10-17 01:56:00', '2019-10-17 01:56:00'),
(514, 14, 314, '2019-10-17 02:11:35', '2019-10-17 02:11:35'),
(515, 7, 315, '2019-10-17 02:17:14', '2019-10-17 02:17:14'),
(516, 27, 316, '2019-10-17 02:18:02', '2019-10-17 02:18:02'),
(517, 7, 317, '2019-10-17 02:20:32', '2019-10-17 02:20:32'),
(518, 15, 318, '2019-10-17 02:24:02', '2019-10-17 02:24:02'),
(519, 7, 319, '2019-10-17 02:29:36', '2019-10-17 02:29:36'),
(520, 15, 320, '2019-10-17 02:33:47', '2019-10-17 02:33:47'),
(521, 5, 321, '2019-10-17 10:41:56', '2019-10-17 10:41:56'),
(522, 9, 321, '2019-10-17 10:41:56', '2019-10-17 10:41:56'),
(524, 29, 323, '2019-10-17 10:55:43', '2019-10-17 10:55:43'),
(525, 30, 323, '2019-10-17 10:55:43', '2019-10-17 10:55:43'),
(526, 5, 324, '2019-10-17 11:01:30', '2019-10-17 11:01:30'),
(527, 8, 324, '2019-10-17 11:01:30', '2019-10-17 11:01:30'),
(528, 10, 324, '2019-10-17 11:01:30', '2019-10-17 11:01:30'),
(530, 8, 326, '2019-10-17 11:06:13', '2019-10-17 11:06:13'),
(531, 10, 326, '2019-10-17 11:06:13', '2019-10-17 11:06:13'),
(532, 11, 326, '2019-10-17 11:06:14', '2019-10-17 11:06:14'),
(533, 8, 327, '2019-10-17 11:06:15', '2019-10-17 11:06:15'),
(534, 10, 327, '2019-10-17 11:06:15', '2019-10-17 11:06:15'),
(535, 11, 327, '2019-10-17 11:06:15', '2019-10-17 11:06:15'),
(536, 12, 328, '2019-10-17 11:07:09', '2019-10-17 11:07:09'),
(537, 5, 329, '2019-10-17 11:08:58', '2019-10-17 11:08:58'),
(543, 12, 331, '2019-10-17 11:14:13', '2019-10-17 11:14:13'),
(544, 12, 332, '2019-10-17 11:14:15', '2019-10-17 11:14:15'),
(545, 12, 333, '2019-10-17 11:14:15', '2019-10-17 11:14:15'),
(546, 12, 334, '2019-10-17 11:14:19', '2019-10-17 11:14:19'),
(549, 12, 335, '2019-10-17 11:20:49', '2019-10-17 11:20:49'),
(550, 12, 336, '2019-10-17 11:22:36', '2019-10-17 11:22:36'),
(551, 13, 337, '2019-10-17 11:22:45', '2019-10-17 11:22:45'),
(552, 13, 338, '2019-10-17 11:23:37', '2019-10-17 11:23:37'),
(553, 5, 88, '2019-10-17 11:23:45', '2019-10-17 11:23:45'),
(554, 5, 339, '2019-10-17 11:30:46', '2019-10-17 11:30:46'),
(555, 5, 340, '2019-10-17 11:33:08', '2019-10-17 11:33:08'),
(556, 12, 59, '2019-10-17 11:33:41', '2019-10-17 11:33:41'),
(557, 5, 341, '2019-10-17 11:35:36', '2019-10-17 11:35:36'),
(558, 26, 342, '2019-10-17 11:36:36', '2019-10-17 11:36:36'),
(559, 26, 343, '2019-10-17 11:40:13', '2019-10-17 11:40:13'),
(560, 26, 344, '2019-10-17 11:42:48', '2019-10-17 11:42:48'),
(563, 5, 250, '2019-10-17 11:46:04', '2019-10-17 11:46:04'),
(564, 10, 250, '2019-10-17 11:46:04', '2019-10-17 11:46:04'),
(565, 5, 284, '2019-10-17 11:46:23', '2019-10-17 11:46:23'),
(566, 13, 284, '2019-10-17 11:46:23', '2019-10-17 11:46:23'),
(567, 15, 268, '2019-10-17 11:49:08', '2019-10-17 11:49:08'),
(568, 15, 257, '2019-10-17 11:49:57', '2019-10-17 11:49:57'),
(569, 15, 262, '2019-10-17 11:50:36', '2019-10-17 11:50:36'),
(570, 30, 177, '2019-10-17 11:52:03', '2019-10-17 11:52:03'),
(572, 15, 264, '2019-10-17 11:53:20', '2019-10-17 11:53:20'),
(573, 28, 345, '2019-10-17 11:55:09', '2019-10-17 11:55:09'),
(574, 30, 345, '2019-10-17 11:55:09', '2019-10-17 11:55:09'),
(575, 26, 346, '2019-10-17 11:57:32', '2019-10-17 11:57:32'),
(576, 5, 228, '2019-10-17 11:57:49', '2019-10-17 11:57:49'),
(577, 10, 228, '2019-10-17 11:57:49', '2019-10-17 11:57:49'),
(579, 10, 253, '2019-10-17 11:58:45', '2019-10-17 11:58:45'),
(580, 22, 299, '2019-10-17 12:04:48', '2019-10-17 12:04:48'),
(582, 22, 348, '2019-10-17 12:08:07', '2019-10-17 12:08:07'),
(583, 18, 347, '2019-10-17 12:11:31', '2019-10-17 12:11:31'),
(584, 15, 271, '2019-10-17 12:14:42', '2019-10-17 12:14:42'),
(585, 20, 349, '2019-10-17 12:18:22', '2019-10-17 12:18:22'),
(586, 16, 350, '2019-10-17 12:20:33', '2019-10-17 12:20:33'),
(587, 14, 309, '2019-10-17 12:21:20', '2019-10-17 12:21:20'),
(588, 20, 351, '2019-10-17 12:29:28', '2019-10-17 12:29:28'),
(589, 26, 352, '2019-10-17 12:41:33', '2019-10-17 12:41:33'),
(594, 28, 353, '2019-10-17 12:51:34', '2019-10-17 12:51:34'),
(597, 28, 355, '2019-10-17 12:53:30', '2019-10-17 12:53:30'),
(598, 24, 307, '2019-10-17 12:54:15', '2019-10-17 12:54:15'),
(599, 25, 356, '2019-10-17 12:54:49', '2019-10-17 12:54:49'),
(601, 28, 357, '2019-10-17 13:00:12', '2019-10-17 13:00:12'),
(602, 15, 269, '2019-10-17 13:03:01', '2019-10-17 13:03:01'),
(603, 26, 358, '2019-10-17 13:03:13', '2019-10-17 13:03:13'),
(604, 15, 273, '2019-10-17 13:04:55', '2019-10-17 13:04:55'),
(606, 27, 359, '2019-10-17 13:05:18', '2019-10-17 13:05:18'),
(608, 19, 360, '2019-10-17 13:05:40', '2019-10-17 13:05:40'),
(609, 30, 360, '2019-10-17 13:05:40', '2019-10-17 13:05:40'),
(610, 15, 313, '2019-10-17 13:07:02', '2019-10-17 13:07:02'),
(611, 4, 330, '2019-10-17 13:09:38', '2019-10-17 13:09:38'),
(612, 8, 330, '2019-10-17 13:09:38', '2019-10-17 13:09:38'),
(613, 10, 330, '2019-10-17 13:09:38', '2019-10-17 13:09:38'),
(614, 11, 330, '2019-10-17 13:09:39', '2019-10-17 13:09:39'),
(615, 12, 361, '2019-10-17 13:12:43', '2019-10-17 13:12:43'),
(616, 12, 362, '2019-10-17 13:12:48', '2019-10-17 13:12:48'),
(617, 16, 363, '2019-10-17 13:13:30', '2019-10-17 13:13:30'),
(619, 12, 325, '2019-10-17 13:18:50', '2019-10-17 13:18:50'),
(620, 30, 365, '2019-10-17 13:19:02', '2019-10-17 13:19:02'),
(622, 16, 367, '2019-10-17 13:20:07', '2019-10-17 13:20:07'),
(623, 22, 368, '2019-10-17 13:20:18', '2019-10-17 13:20:18'),
(624, 12, 322, '2019-10-17 13:21:37', '2019-10-17 13:21:37'),
(626, 16, 370, '2019-10-17 13:25:44', '2019-10-17 13:25:44'),
(628, 28, 372, '2019-10-17 13:27:57', '2019-10-17 13:27:57'),
(632, 5, 375, '2019-10-17 13:53:32', '2019-10-17 13:53:32'),
(634, 14, 377, '2019-10-17 13:56:49', '2019-10-17 13:56:49'),
(635, 16, 311, '2019-10-17 13:57:02', '2019-10-17 13:57:02'),
(636, 16, 374, '2019-10-17 13:58:10', '2019-10-17 13:58:10'),
(637, 16, 369, '2019-10-17 13:59:26', '2019-10-17 13:59:26'),
(638, 3, 378, '2019-10-17 14:02:39', '2019-10-17 14:02:39'),
(639, 16, 364, '2019-10-17 14:04:59', '2019-10-17 14:04:59'),
(640, 16, 371, '2019-10-17 14:06:36', '2019-10-17 14:06:36'),
(641, 16, 379, '2019-10-17 14:07:04', '2019-10-17 14:07:04'),
(642, 16, 380, '2019-10-17 14:10:47', '2019-10-17 14:10:47'),
(644, 25, 366, '2019-10-17 14:11:57', '2019-10-17 14:11:57'),
(645, 14, 381, '2019-10-17 14:12:04', '2019-10-17 14:12:04'),
(648, 30, 384, '2019-10-17 14:22:46', '2019-10-17 14:22:46'),
(649, 22, 385, '2019-10-17 14:23:05', '2019-10-17 14:23:05'),
(650, 14, 386, '2019-10-17 14:23:30', '2019-10-17 14:23:30'),
(651, 15, 387, '2019-10-17 14:24:52', '2019-10-17 14:24:52'),
(653, 15, 389, '2019-10-17 14:28:58', '2019-10-17 14:28:58'),
(654, 25, 390, '2019-10-17 14:29:07', '2019-10-17 14:29:07'),
(655, 14, 383, '2019-10-17 14:31:15', '2019-10-17 14:31:15'),
(656, 23, 391, '2019-10-17 14:32:14', '2019-10-17 14:32:14'),
(657, 7, 188, '2019-10-17 14:32:59', '2019-10-17 14:32:59'),
(658, 30, 392, '2019-10-17 14:33:34', '2019-10-17 14:33:34'),
(660, 24, 394, '2019-10-17 14:34:23', '2019-10-17 14:34:23'),
(662, 30, 394, '2019-10-17 14:34:23', '2019-10-17 14:34:23'),
(663, 23, 393, '2019-10-17 14:35:13', '2019-10-17 14:35:13'),
(664, 24, 388, '2019-10-17 14:35:25', '2019-10-17 14:35:25'),
(665, 30, 388, '2019-10-17 14:35:25', '2019-10-17 14:35:25'),
(666, 10, 395, '2019-10-17 14:35:41', '2019-10-17 14:35:41'),
(667, 19, 396, '2019-10-17 14:36:25', '2019-10-17 14:36:25'),
(670, 20, 397, '2019-10-17 14:47:28', '2019-10-17 14:47:28'),
(671, 24, 397, '2019-10-17 14:47:28', '2019-10-17 14:47:28'),
(672, 19, 382, '2019-10-17 14:48:41', '2019-10-17 14:48:41'),
(673, 14, 308, '2019-10-17 14:49:38', '2019-10-17 14:49:38'),
(674, 15, 373, '2019-10-17 14:54:45', '2019-10-17 14:54:45'),
(675, 23, 278, '2019-10-17 14:55:46', '2019-10-17 14:55:46'),
(676, 30, 278, '2019-10-17 14:55:46', '2019-10-17 14:55:46'),
(677, 24, 398, '2019-10-17 14:56:59', '2019-10-17 14:56:59'),
(678, 30, 399, '2019-10-17 14:57:01', '2019-10-17 14:57:01'),
(679, 24, 400, '2019-10-17 14:57:01', '2019-10-17 14:57:01'),
(680, 24, 401, '2019-10-17 14:57:07', '2019-10-17 14:57:07'),
(681, 25, 402, '2019-10-17 14:59:16', '2019-10-17 14:59:16'),
(683, 25, 403, '2019-10-17 15:01:36', '2019-10-17 15:01:36'),
(685, 13, 32, '2019-10-17 15:06:03', '2019-10-17 15:06:03'),
(686, 25, 404, '2019-10-17 15:06:42', '2019-10-17 15:06:42'),
(687, 5, 405, '2019-10-17 15:14:04', '2019-10-17 15:14:04'),
(688, 29, 406, '2019-10-17 15:17:29', '2019-10-17 15:17:29'),
(689, 26, 407, '2019-10-17 15:21:52', '2019-10-17 15:21:52'),
(690, 25, 408, '2019-10-17 15:23:15', '2019-10-17 15:23:15'),
(691, 20, 409, '2019-10-17 15:27:01', '2019-10-17 15:27:01'),
(692, 25, 410, '2019-10-17 15:28:50', '2019-10-17 15:28:50'),
(693, 14, 411, '2019-10-17 15:30:28', '2019-10-17 15:30:28'),
(694, 14, 412, '2019-10-17 15:30:30', '2019-10-17 15:30:30'),
(695, 5, 413, '2019-10-17 15:37:50', '2019-10-17 15:37:50'),
(698, 5, 415, '2019-10-17 15:42:50', '2019-10-17 15:42:50'),
(699, 5, 414, '2019-10-17 15:43:24', '2019-10-17 15:43:24'),
(700, 26, 416, '2019-10-17 15:52:46', '2019-10-17 15:52:46'),
(701, 28, 417, '2019-10-17 16:00:26', '2019-10-17 16:00:26'),
(702, 13, 418, '2019-10-17 16:05:46', '2019-10-17 16:05:46'),
(703, 30, 354, '2019-10-17 16:10:47', '2019-10-17 16:10:47'),
(704, 18, 419, '2019-10-17 16:10:55', '2019-10-17 16:10:55'),
(706, 13, 420, '2019-10-17 16:19:31', '2019-10-17 16:19:31'),
(707, 30, 421, '2019-10-17 16:22:46', '2019-10-17 16:22:46'),
(708, 13, 422, '2019-10-17 16:24:25', '2019-10-17 16:24:25'),
(710, 13, 423, '2019-10-17 16:29:11', '2019-10-17 16:29:11'),
(712, 26, 425, '2019-10-17 16:35:43', '2019-10-17 16:35:43'),
(714, 15, 301, '2019-10-17 16:38:41', '2019-10-17 16:38:41'),
(716, 13, 426, '2019-10-17 16:42:54', '2019-10-17 16:42:54'),
(717, 18, 427, '2019-10-17 16:45:16', '2019-10-17 16:45:16'),
(719, 13, 428, '2019-10-17 16:47:12', '2019-10-17 16:47:12'),
(720, 15, 256, '2019-10-17 16:47:37', '2019-10-17 16:47:37'),
(721, 23, 429, '2019-10-17 16:51:03', '2019-10-17 16:51:03'),
(723, 13, 424, '2019-10-17 16:52:22', '2019-10-17 16:52:22'),
(724, 13, 430, '2019-10-17 16:52:48', '2019-10-17 16:52:48'),
(727, 13, 431, '2019-10-17 16:59:11', '2019-10-17 16:59:11'),
(728, 29, 274, '2019-10-17 16:59:17', '2019-10-17 16:59:17'),
(730, 13, 432, '2019-10-17 17:03:05', '2019-10-17 17:03:05'),
(731, 12, 433, '2019-10-17 17:03:15', '2019-10-17 17:03:15'),
(732, 14, 434, '2019-10-17 17:07:16', '2019-10-17 17:07:16'),
(733, 29, 435, '2019-10-17 17:08:36', '2019-10-17 17:08:36'),
(735, 13, 436, '2019-10-17 17:09:38', '2019-10-17 17:09:38'),
(736, 29, 437, '2019-10-17 17:32:47', '2019-10-17 17:32:47'),
(737, 13, 438, '2019-10-17 17:33:41', '2019-10-17 17:33:41'),
(738, 28, 439, '2019-10-17 17:40:15', '2019-10-17 17:40:15'),
(740, 13, 440, '2019-10-17 17:41:43', '2019-10-17 17:41:43'),
(741, 28, 441, '2019-10-17 17:43:43', '2019-10-17 17:43:43'),
(742, 30, 442, '2019-10-17 17:47:25', '2019-10-17 17:47:25'),
(743, 28, 443, '2019-10-17 17:54:00', '2019-10-17 17:54:00'),
(744, 26, 444, '2019-10-17 18:13:49', '2019-10-17 18:13:49'),
(745, 15, 270, '2019-10-17 18:52:05', '2019-10-17 18:52:05'),
(746, 27, 445, '2019-10-17 22:33:35', '2019-10-17 22:33:35'),
(747, 28, 445, '2019-10-17 22:33:35', '2019-10-17 22:33:35'),
(748, 30, 445, '2019-10-17 22:33:35', '2019-10-17 22:33:35'),
(749, 33, 446, '2019-10-17 22:40:07', '2019-10-17 22:40:07'),
(751, 33, 447, '2019-10-17 22:48:56', '2019-10-17 22:48:56'),
(754, 14, 376, '2019-10-18 11:00:06', '2019-10-18 11:00:06');

-- --------------------------------------------------------

--
-- Table structure for table `failed_jobs`
--

CREATE TABLE `failed_jobs` (
  `id` bigint(20) UNSIGNED NOT NULL,
  `connection` text COLLATE utf8mb4_unicode_ci NOT NULL,
  `queue` text COLLATE utf8mb4_unicode_ci NOT NULL,
  `payload` longtext COLLATE utf8mb4_unicode_ci NOT NULL,
  `exception` longtext COLLATE utf8mb4_unicode_ci NOT NULL,
  `failed_at` timestamp NOT NULL DEFAULT CURRENT_TIMESTAMP
) ENGINE=InnoDB DEFAULT CHARSET=utf8mb4 COLLATE=utf8mb4_unicode_ci;

-- --------------------------------------------------------

--
-- Table structure for table `migrations`
--

CREATE TABLE `migrations` (
  `id` int(10) UNSIGNED NOT NULL,
  `migration` varchar(191) COLLATE utf8mb4_unicode_ci NOT NULL,
  `batch` int(11) NOT NULL
) ENGINE=InnoDB DEFAULT CHARSET=utf8mb4 COLLATE=utf8mb4_unicode_ci;

--
-- Dumping data for table `migrations`
--

INSERT INTO `migrations` (`id`, `migration`, `batch`) VALUES
(1, '2014_10_12_000000_create_users_table', 1),
(2, '2014_10_12_100000_create_password_resets_table', 1),
(3, '2019_08_19_000000_create_failed_jobs_table', 1),
(4, '2019_10_08_021957_create_students_table', 1),
(5, '2019_10_08_022632_create_colleges_table', 1),
(6, '2019_10_08_061407_add_cover_image_to_students', 1),
(7, '2019_10_08_081308_add_college_to_user', 1),
(8, '2019_10_09_100114_create_events_table', 1),
(9, '2019_10_10_194211_add_username_to_users', 2),
(10, '2019_10_11_080628_create_symlink', 3),
(11, '2019_10_14_041723_add_identifiers_to_colleges', 3),
(12, '2019_10_16_193628_add_printed_to_students', 4);

-- --------------------------------------------------------

--
-- Table structure for table `password_resets`
--

CREATE TABLE `password_resets` (
  `email` varchar(191) COLLATE utf8mb4_unicode_ci NOT NULL,
  `token` varchar(191) COLLATE utf8mb4_unicode_ci NOT NULL,
  `created_at` timestamp NULL DEFAULT NULL
) ENGINE=InnoDB DEFAULT CHARSET=utf8mb4 COLLATE=utf8mb4_unicode_ci;

-- --------------------------------------------------------

--
-- Table structure for table `students`
--

CREATE TABLE `students` (
  `id` bigint(20) UNSIGNED NOT NULL,
  `name` varchar(200) COLLATE utf8mb4_unicode_ci NOT NULL,
  `father_name` varchar(200) COLLATE utf8mb4_unicode_ci NOT NULL,
  `date_birth` date NOT NULL,
  `class` varchar(200) COLLATE utf8mb4_unicode_ci NOT NULL,
  `branch` varchar(200) COLLATE utf8mb4_unicode_ci NOT NULL,
  `roll_number` varchar(100) COLLATE utf8mb4_unicode_ci DEFAULT NULL,
  `university_registration` varchar(100) COLLATE utf8mb4_unicode_ci DEFAULT NULL,
  `year_of_passing` int(10) UNSIGNED NOT NULL,
  `address` text COLLATE utf8mb4_unicode_ci NOT NULL,
  `participating_as` enum('participant','student_accomp','accomp') COLLATE utf8mb4_unicode_ci NOT NULL,
  `accomp_id` int(11) NOT NULL,
  `created_at` timestamp NULL DEFAULT NULL,
  `updated_at` timestamp NULL DEFAULT NULL,
  `student_photo` varchar(191) COLLATE utf8mb4_unicode_ci NOT NULL,
  `printed` tinyint(1) NOT NULL DEFAULT '0'
) ENGINE=InnoDB DEFAULT CHARSET=utf8mb4 COLLATE=utf8mb4_unicode_ci;

--
-- Dumping data for table `students`
--

INSERT INTO `students` (`id`, `name`, `father_name`, `date_birth`, `class`, `branch`, `roll_number`, `university_registration`, `year_of_passing`, `address`, `participating_as`, `accomp_id`, `created_at`, `updated_at`, `student_photo`, `printed`) VALUES
(10, 'Ayushi Makkar', 'Sh .Rajesh Makkar', '1998-11-21', 'b.tech', 'E.C.E', '1625500', '1625500', 2016, 'V.P.o. Bathri, Dist. Chamba, (h.p)', 'participant', 116, '2019-10-14 12:54:18', '2019-10-17 13:45:48', '08f126cf1e8a81a284ca63fa430da2bd.jpg', 0),
(11, 'HARSH RAJ', 'MR. MADHULIMYE PRASAD VERMA', '2001-08-20', 'Ist YEAR', 'BHMCT', '30676/19', '1918843', 2019, 'DIST. PATNA, VILL. PATNA CITY, STATE BIHAR', 'participant', 100, '2019-10-14 12:56:17', '2019-10-17 13:57:21', '1cd2c95378fb4381d707066c88fceaf9.jpeg', 0),
(12, 'GYAN SINGH', 'SR. GURMAIL SINGH', '1998-03-25', 'B.TECH', 'ECE', '28/16', '1604437', 2016, 'N.B66, PREET NAGAR, SODAL ROAD , JALANDHAR', 'participant', 100, '2019-10-14 13:05:04', '2019-10-17 13:57:21', '2c2794582c53ce8049fa5b34aa4d29d3.jpeg', 0),
(13, 'UDHAY SINGH', 'SUDHIR SINGH', '1999-07-02', 'B.TECH', 'CIVIL', '657/17', '1704435', 2017, 'VILLAGE SANDHWAL ,TEH MUKERIAN ,DISTRICT HOSHIARPUR', 'participant', 100, '2019-10-14 13:11:30', '2019-10-17 13:57:21', '391c3d5b3840f5b4a811fcbb1bed31df.jpeg', 0),
(14, 'ANKITA REHAL', 'RAKESH REHAL', '1998-11-10', 'MCA', '', '40202/19', '1904065', 2016, '12/1, CENTRAL TOWN , JALANDHAR', 'participant', 100, '2019-10-14 13:17:48', '2019-10-17 13:57:21', '90ad0c7efd94f8389f6e470fa6b271eb.jpeg', 0),
(15, 'HARSIMRAN KAUR', 'SUKHWINDERJIT SINGH', '2000-09-28', 'B.TECH', 'ECE', '26/18', '1803765', 2018, '51/18- DEOL NAGAR NEAR NAKODAR ROAD, JALANDHAR', 'participant', 100, '2019-10-14 13:24:00', '2019-10-17 13:57:21', '49cc8b70a40ebd592b37854a3ab182a5.jpeg', 0),
(16, 'JASMEET KAUR', 'GURDEV SINGH', '1998-12-06', 'B.TECH', 'CSE', '124/17', '1704463', 2017, 'H.NO. 80/C, MARALIA, MIRAN SAHIB, JAMMU', 'participant', 100, '2019-10-14 13:29:33', '2019-10-17 13:57:21', 'c3cebe841177b6340db8c58a02cff99f.jpeg', 0),
(17, 'AMEEK SIDHU', 'ABHAY SINGH', '2001-06-09', 'B.TECH', 'EE', '3026/19', '1903641', 2019, '74 NEW DEOL NAGAR, JALANDHAR', 'participant', 100, '2019-10-14 13:31:31', '2019-10-17 13:57:21', 'e4252f6ace3f10192b2be7b0fddb9047.jpeg', 0),
(19, 'SALONI', 'PREM NATH', '2001-01-01', 'B.TECH', 'ECE', '2048/19', '1903784', 2019, 'KUTIA ROAD, RASILA NAGAR BASTI DANISHMANDA, JALANDHAR', 'participant', 100, '2019-10-14 13:36:24', '2019-10-17 13:57:21', 'f6508f0fc89da554f8c2fd966612a05d.jpeg', 0),
(20, 'SRISHTI GUPTA', 'RAVINDER GUPTA', '1999-09-24', 'B.TECH', 'CSE', '155/17', '1704496', 2017, 'M-28, INDUSTRIAL AREA, JALANDHAR', 'participant', 100, '2019-10-14 13:38:15', '2019-10-17 13:57:21', 'dbe49868213b1b39fcd1ec8ef3fc9bc8.jpeg', 0),
(21, 'KUMAR  ROSHAN  DROLIA', 'BIJAY  KUMAR  DROLIA', '2001-07-09', 'B.TECH', 'CSE', '128/18', '1803674', 2018, 'STATION ROAD BOUNSI  BANKA(BIHAR)', 'participant', 100, '2019-10-14 13:39:09', '2019-10-17 13:57:21', 'ec3f118e99115d7f62e6e6284de373d0.jpeg', 0),
(22, 'Dilbag Singh', 'Surjit Singh', '1996-03-03', 'MBA -3RD', 'MBA', '1814972', '1814972', 2014, 'H. No. 590 Kacha Kot, Basti Bawa Khel, Jalandhar', 'participant', 116, '2019-10-14 14:10:02', '2019-10-17 13:45:48', '0517a5aba5ff9d9d2983682a39b9c9b7.jpg', 0),
(23, 'Shiwani', 'Prem Nath', '1999-05-22', 'B. Tech', 'ECE- 5TH', '1724067', '1724067', 2017, '37/9 Model House Road , Jalandhar', 'participant', 116, '2019-10-14 14:15:30', '2019-10-17 13:45:48', '4e609e6e5d70e8fa8d50728c569b4c49.jpg', 0),
(24, 'GURPREET KAUR', 'SHIV KUMAR SOHAL', '1998-05-23', 'B.TECH', 'IT', '412/17', '1704607', 2016, '199-200 GAUTAM NAGAR JALANDHAR', 'participant', 100, '2019-10-14 14:20:02', '2019-10-17 13:57:21', '8ce1cb47240e34ff3d9b3a879425e617.jpeg', 0),
(25, 'NISHTHA', 'DAVINDER MONGA', '2000-09-26', 'B.TECH', 'CSE', '136/17', '1704476', 2017, 'KAIRON ROAD OPP. SURJA RAM FACTORY, MALOUT', 'participant', 100, '2019-10-14 14:22:33', '2019-10-17 13:57:21', 'd45806da6339e00af7eff53168b46fc8.jpeg', 0),
(26, 'Navjot Kaur', 'Lakhwinder Singh', '1999-09-09', 'B. Tech', 'CSE- 7TH', '1625452', '1625452', 2016, 'Village Bhoolpur, Distt- Hoshiarpur', 'participant', 116, '2019-10-14 14:23:06', '2019-10-17 13:45:48', 'b665dfba639e870f47e4b92b118021ee.JPG', 0),
(27, 'SAMIDHA', 'OM PRAKASH TIWARI', '1999-11-24', 'B.TECH', 'CSE', '150/18', '1803696', 2017, '19653, STREE NO. 6 AJEET ROAD BHANTINDA', 'participant', 100, '2019-10-14 14:26:25', '2019-10-17 13:57:22', 'a3b732346db1b28e8f7ef588144e8807.jpeg', 0),
(28, 'AKASH SINGH TOMAR', 'Mr. VINOD SINGH TOMAR', '2001-07-15', 'B.TECH', 'ECE', '06/18', '1803745', 2018, 'OTR NO.25 TYPE 2 SFA BSF CAMPUS ,JALANDHAR', 'participant', 100, '2019-10-14 14:28:10', '2019-10-17 13:57:22', 'ee47eb32dcdf53f01964d5326f92ed1c.jpeg', 0),
(29, 'AISHMEEN KAUR', 'GURPREET SINGH', '2000-05-30', 'B.TECH', 'CSE', '102/17', '1704440', 2017, 'PPO. KHARKAN HOSHIARPUR', 'participant', 100, '2019-10-14 14:28:14', '2019-10-17 13:57:22', 'eb10d26c85f97f91059619e4a5ab0e07.jpeg', 0),
(30, 'ANUSHKA SHARMA', 'SUSHIL SHARMA', '1996-12-28', 'B.TECH', 'EE', '308/16', '1604376', 2015, 'WARD NO-13, SHASTRI NAGAR, KATHUA, J&K', 'participant', 100, '2019-10-14 14:30:52', '2019-10-17 13:57:22', 'a215e9d4f09e77a08b1b5e178b052db4.jpeg', 0),
(31, 'NEHA', 'MR. HARENDRA RAM', '1997-04-30', 'B.TECH', 'IT', '430/16', '1604544', 2015, 'D-20 TYPE 2 NIT CAMPUS JALANDHAR', 'participant', 100, '2019-10-14 14:32:09', '2019-10-17 13:57:22', '49a92da45f4ff8a1a3e10e0664e74c2e.jpeg', 0),
(32, 'AASTHA DHINGRA', 'DEEPAK DHINGRA', '2001-06-24', 'B.TECH', 'B.COM', '30515/19', '1918761', 2019, '22B GURUNAGAR, JALANDHAR', 'participant', 100, '2019-10-14 14:33:48', '2019-10-17 15:06:03', 'de60fd08a53253ea429e7d8a6c8a3f17.jpeg', 0),
(35, 'RIYA THAPER', 'MR.OM PARKASH THAPER', '1999-12-07', 'BTECH', 'CSE', '164/18', '1819882', 2018, 'HOUSE NO 165 , ST NO. 6 NEW SHIV PURI , SANTOKH NAGAR , LUDHIANA', 'participant', 100, '2019-10-14 14:36:03', '2019-10-17 13:57:22', '1eef75fb71ea52501b073fb930c536b7.jpeg', 0),
(36, 'AKASHDEEP', 'BALDEV RAJ', '2001-01-20', 'BCA SEMESTER 1', 'BCA', '1', '1924679', 2019, 'WARD NUMBER 2,LOHIAN KHAS TEHSIL SHAHKOT,JALANDHAR,PUNJAB,144629', 'participant', 110, '2019-10-14 14:38:34', '2019-10-17 13:45:49', '98074a4ae19d62bd76e04760d714faaa.jpg', 0),
(37, 'VARUNJIT KAUR', 'JATINDERDEEP SINGH', '2000-05-18', 'B.COM SEMESTER 1', 'B.COM', '17', '1924724', 2018, 'VILLAGE DHESIAN KAHANA\r\nJALANDHAR\r\nPUNJAB\r\n144311', 'participant', 110, '2019-10-14 14:43:19', '2019-10-17 13:45:49', '3f837181713691d1fb49861c74d0dd05.jpg', 0),
(38, 'AARTI', 'JASVIR SINGH', '2001-09-08', 'BBA SEMESTER 3', 'BBA', '1', '1826104', 2018, 'HARDO SHEKIH\r\nBHANDAL HIMMAT\r\nJALANDHAR\r\nPUNJAB\r\n144039', 'participant', 110, '2019-10-14 14:46:50', '2019-10-17 13:45:49', '02dfff99033e27a333dd2cf3a072fbff.jpg', 0),
(39, 'PREETI', 'NIRMAL SINGH', '1997-05-13', 'B.VOC BEAUTY AND WELLNESS SEMESTER 1', 'B.VOC', '20', '1924738', 2016, 'VILLAGE PATTI JHUGIAN TEHSIL,NAKODAR,MEHATPUR\r\nJALANDHAR\r\nPUNJAB\r\n144041', 'participant', 110, '2019-10-14 14:53:00', '2019-10-17 13:45:49', '1066f1726b5448f81c06bbf93466ec98.jpg', 0),
(41, 'JAPESH DIXIT', 'MAHESH KUMAR DIXIT', '2000-10-06', 'B.TECH', 'CSE', '1016/19', '1903601', 2019, '7-B NEW HARBANS NAGAR EXTENSION , JALANDHAR', 'participant', 100, '2019-10-14 15:10:44', '2019-10-17 13:57:22', 'c99d631ca12877803a365eb714de6764.jpeg', 0),
(42, 'SHIVAM SHARMA', 'PRADEEP SHARMA', '1997-09-15', 'B.TECH', 'ECE', '73/17', '1804032', 2017, '69  GURU RAMDAAS ENCLAVE , JALANDHAR', 'participant', 100, '2019-10-14 15:19:02', '2019-10-17 13:57:22', '42f20659acead9e201255ac1309f7baa.jpeg', 0),
(43, 'ANJALI', 'KISHORILAL', '2001-06-12', 'B.VOC BEAUTY AND WELLNESS SEMESTER 1', 'B.VOC', '1', '01924727', 2019, 'Bhangala,Jalandhar\r\nPunjab-144033', 'student_accomp', 110, '2019-10-14 15:21:05', '2019-10-17 13:45:49', 'c7132f09c73260cf93fa145b383541f5.jpg', 0),
(44, 'RAGHAV CHIB', 'SUKHDEV SINGH', '1998-10-07', 'B.TECH', 'ECE', '215/16', '1604473', 2016, 'INDIRA COLONY,  DINANAGAR, DISTT. GURDASPUR', 'participant', 100, '2019-10-14 15:25:11', '2019-10-17 13:57:22', '3667f26843939ace6779692075481aff.jpeg', 0),
(45, 'NAVJOT SINGH', 'MOHINDER SINGH', '1999-01-23', 'B.TECH', 'CSE', '137/16', '1604343', 2016, 'VPO. PANWAN TEH DASUYA DISTT.  HOSHIARPUR', 'participant', 100, '2019-10-14 15:32:40', '2019-10-17 13:57:22', 'b3a091dddcbb68097e7e61ae27f115dc.jpeg', 0),
(47, 'VARUN THAKUR', 'RAJESH KUMAR', '1998-04-26', 'B.TECH', 'ME', '552/17', '1704774', 2017, 'VILL. BASSI BALLU DISTT. HOSHIARPUR', 'participant', 100, '2019-10-14 15:34:27', '2019-10-17 13:57:22', '953756fe693275e558df0d68bb56fb8b.jpeg', 0),
(48, 'GAGANDEEP SINGH', 'SUKHWINDER SINGH', '1999-03-11', 'B.TECH', 'ME', '556/17', '1704739', 2017, 'HNO. 15/D TILAK NAGAR JALANDHAR', 'participant', 100, '2019-10-14 15:37:44', '2019-10-17 13:57:22', '768f7c5b1ec4202013d02cb1434d2841.jpeg', 0),
(49, 'ANMOLDEEP SINGH MANGAT', 'PARGAT SINGH', '2000-11-26', 'B.TECH', 'ECE', '2052/17', '1704540', 2017, 'H.NO.-37, SEVEN CITY SAMANA PATIALA', 'participant', 100, '2019-10-14 15:38:01', '2019-10-17 13:57:22', '56814c6d80e02e979bd2acff41c073d1.jpeg', 0),
(50, 'JASKARAN SINGH', 'VIKRAMJEET SINGH', '1996-02-14', 'B.TECH', 'ME', '577/16', '1704857', 2015, '97-GREEN PARK, NEAR BUS STAND, JALANDHAR', 'participant', 100, '2019-10-14 15:40:01', '2019-10-17 13:57:22', '6ff247bb9895999220b44ecba06bff65.jpeg', 0),
(51, 'NEERAJ KUMAR', 'JAI RAM', '1999-11-10', 'B.TECH', 'CE', '633/17', '1704410', 2017, 'VILL. TANGRALIAN, V.P.O. MUKERIAN DISTT. HOSHIARPUR', 'participant', 100, '2019-10-14 15:42:13', '2019-10-17 13:57:22', '1f8f23dbf717c613751ceb24e015aded.jpeg', 0),
(52, 'AMRIT PAL  SINGH', 'MANGAL SINGH', '1997-09-21', 'B.TECH', 'EE', '304/17', '1704505', 2017, 'VILL. KUTBEWAL, PO BURAWAL DISTT KAPURTHALA', 'participant', 100, '2019-10-14 15:43:52', '2019-10-17 13:57:22', '1862456cdda09d1b7b8563faca205792.jpeg', 0),
(53, 'ABHISHEK SALARIA', 'MR.PURAN SINGH', '1999-09-12', 'B.TECH', 'ECE', '04/18', '1803743', 2018, 'VILLAGE DAULOWAL PO GHOGA, TEHSIL MUKERIAN,  DISTRICT HOSHIARPUR', 'participant', 100, '2019-10-14 15:46:04', '2019-10-17 13:57:22', 'c832c8b3c12a3928d716cd1433806b7b.jpeg', 0),
(54, 'Sukhdev singh', 'Gurcharan singh', '2003-06-06', 'HMCT 1stsem', 'Hotel management', '', '0', 2019, 'Bath road, TarnTaran', 'participant', 164, '2019-10-14 15:51:02', '2019-10-17 13:45:49', '9c0f1d682a83cc13a148afec8cd974ad.jpg', 0),
(55, 'Ajaydeb singh', 'Randhir singh', '1998-06-04', 'HMCT 1stsem', 'Hotel management', '', '0', 2017, 'Village malia, Tarntaran', 'participant', 164, '2019-10-14 15:54:45', '2019-10-17 13:45:49', '261b814d3ccc665f23035b2867864990.jpg', 0),
(56, 'Sahilpreet Singh', 'Amarjit Singh', '2000-01-22', 'HMCT 1stsem', 'Hotel management', '', '0', 2019, 'Village chutala, Tarntaran', 'participant', 164, '2019-10-14 15:57:26', '2019-10-17 13:45:49', '3ba13662a0fb6d80a54f3118e9724014.jpg', 0),
(57, 'RITIKA SALUJA', 'MR. RAVINDER KUMAR SALUJA', '1998-04-13', 'MBA', '', '2140/19', '1903911', 2016, '111 DILBAGH NAGAR JALANDHAR', 'participant', 100, '2019-10-14 16:01:12', '2019-10-17 13:57:22', 'ce7a66f6dd48b81b20fc2873080e8974.jpeg', 0),
(58, 'PAMIT KUMAR', 'KRISHNA BAHADUR', '1999-03-25', 'B.TECH', 'ECE', '35/17', '1704568', 2017, '250/16 PREET NAGAR LADOWALI ROAD JALANDHAR', 'participant', 100, '2019-10-14 16:06:45', '2019-10-17 13:57:22', '30c33d90545981c01cd6138dfc227c89.jpeg', 0),
(59, 'Rachpal singh', 'Sahib singh', '2000-12-17', 'BCA', 'Bachelor of computer application', '', '', 2000, 'village Sakhira, Tarntaran', 'participant', 164, '2019-10-14 16:07:58', '2019-10-17 13:45:49', '9fd44a49d56f094ffeb61172e5332bc6.jpg', 0),
(60, 'Yogesh Kumar', 'Raj kumar', '2001-12-17', 'BCA', 'Bachelor of computer application', '', '0', 2019, 'Himmatpura gali no 2, o/s gate gilwali gate, amritsar', 'participant', 164, '2019-10-14 16:10:48', '2019-10-17 13:45:49', '26e2e628407ebb5e003d741113c9825e.jpg', 0),
(62, 'BOBBY CHAMDAL', 'BALKAR SINGH', '1996-09-04', 'BCA', '', '30476/19', '1918659', 2017, 'VILLAGE SEHOWAL ,PO GILL,TEHSIL NAKODAR DISTRICT JALANDHAR', 'participant', 100, '2019-10-14 16:12:15', '2019-10-17 13:57:22', '31fe06809a7c70e2eb8d40098ff800f8.jpeg', 0),
(63, 'Pardeep Singh', 'Kulwinder Singh', '2002-12-10', 'HMCT 1stsem', 'Hotel management', '', '0', 2019, 'Village Jand, Tarntaran', 'participant', 164, '2019-10-14 16:13:13', '2019-10-17 13:45:49', 'cf9b685403b71c328319ddd5ca1481a6.jpg', 0),
(86, 'HEMANT GUPTA', 'SANJEEV GUPTA', '1999-09-07', 'B.TECH', 'CSE', '163/17', '1704558', 2017, '99A ST NO. 03 ,NEW PATEL NAGAR PHAGWARA', 'participant', 100, '2019-10-14 16:18:59', '2019-10-17 13:57:22', 'f7620b7be6c830905cfddca79bcab884.jpeg', 0),
(87, 'GAURAANG PARASHAR', 'PRAMOD KUMAR', '1999-12-13', 'B.TECH', 'IT', '414/18', '1803824', 2018, '313 DEFENCE COLONY JALANDHAR', 'participant', 100, '2019-10-14 16:25:37', '2019-10-17 13:57:22', '8d43d896c23ce6fa25eccb6c2e56b66d.jpeg', 0),
(88, 'Kirandeep kaur', 'Parmajit singh', '2002-02-26', 'BCA 1st', 'Bachelor of computer application', '', '', 2019, 'Gehri mandi, Jandiala guru,  amritsar', 'participant', 164, '2019-10-14 16:26:12', '2019-10-17 13:45:49', '71e678fd9b8eab8e1ae50420d2fdcbe0.jpg', 0),
(90, 'ANAND TAGEJA', 'RAJWINDER KUMAR', '1999-07-02', 'B.TECH', 'ME', '504/17', '1704724', 2017, '211A  RANJEET ENCLAVE LOHAR NANGAL JALANDHAR', 'participant', 100, '2019-10-14 16:30:59', '2019-10-17 13:57:22', 'f87a6c3a339d14cef7ea3e4c1615056c.jpeg', 0),
(91, 'NAVDEEP KAUR', 'PUNJAB SINGH', '1995-06-12', 'MBA 3RD SEM', 'MANAGEMENT', '1818275', '0', 2013, 'VPO SOHAL, TARN TARAN', 'participant', 164, '2019-10-14 16:33:16', '2019-10-17 13:45:49', '5dce889e827152e4769d08ff032cd75b.jpg', 0),
(92, 'Jaskaran', 'Mohinder pal', '1996-01-01', 'btech', 'CSE', '1815096', '1815096', 2012, 'h.no 272A,postoffice street ladhewali,mohen vihar', 'participant', 116, '2019-10-14 16:36:10', '2019-10-17 13:45:49', '036acd9a1692a28e6a1737898d9b63cb.jpg', 0),
(93, 'KOUR DEEPLASHA', 'LAKHWANT SINGH', '1999-04-16', 'B.TECH', 'EE', '336/17', '1704599', 2017, '75/1 SANJAY NAGAR JAMMU J&K', 'participant', 100, '2019-10-14 16:40:24', '2019-10-17 13:57:22', '1f4ba7fd6f272b272bcfd6cb183a43d7.jpeg', 0),
(94, 'Vinit Sondhi', 'Sanjeev Sondhi', '1993-04-30', 'MBA 1st', 'MBA', '7056', '0', 2012, 'h.no 1244,Rishi Nagar , kartarpur jalandhar', 'student_accomp', 116, '2019-10-14 16:43:26', '2019-10-17 13:45:49', 'f1ff4b7dba5ccea44fbc901ca29c4ef9.jpg', 0),
(95, 'kirandeep kaur', 'Ajit Singh', '1996-09-02', 'MBA 1ST SEM', 'MANAGEMENT', '', '0', 2013, 'VPO Sabhra,Tehsil Patti,Tarn Taran', 'participant', 164, '2019-10-14 16:44:10', '2019-10-17 13:45:49', 'c40adeb6cff132a335672cf5567fa09c.jpg', 0),
(96, 'LOVELEEN BHALLA', 'RAJINDER BHALLA', '1998-07-18', 'MBA', 'MBA', '30123/19', '1903894', 2016, 'H NO. 661 PREET NAGAR SODHAL ROAD JALANDHAR', 'participant', 100, '2019-10-14 16:45:45', '2019-10-17 13:57:22', 'dba4aa214c0a600e4fd306c3b1f3b9b4.jpeg', 0),
(97, 'Manpreet  kaur', 'S.Nirmal Singh', '1998-10-20', 'btech', 'CSE', '1625447', '1625447', 2016, 'Vill.balra P.O. Miani Distt.Hoshiarpur Teh. Dasuya', 'participant', 116, '2019-10-14 16:49:05', '2019-10-17 13:45:49', '5cf7f3b4ecfca4958a0fd4e4bb0ce1ec.jpg', 0),
(98, 'GAURAV SHARMA', 'RAMAN SHARMA', '2001-07-14', 'BTECH', 'IT', '417/19', '1903828', 2019, '380 SHASTRI NAGAR JALNDHAR', 'participant', 100, '2019-10-14 16:49:06', '2019-10-17 13:57:22', 'd4b70d1af0543fb34f2192a83a1b5b76.jpeg', 0),
(99, 'KARTIKEY', 'JASBIR SINGH', '1999-10-02', 'BTECH', 'CE', '624/17', '1704401', 2017, 'H NO. 475 OLD POLICE LINE AREA HISAR , HARYANA', 'participant', 100, '2019-10-14 16:52:53', '2019-10-17 13:57:22', 'c7ff7913e82b9c5da1ffc32138fda4be.jpeg', 0),
(100, 'Manisha Devi', 'Joti Lal', '2002-04-01', 'btech', 'CSE', '3013', '3013', 2019, 'Vill.langah P.O. umarpur Teh. Mukerian Distt.Hoshiarpur', 'participant', 116, '2019-10-14 16:55:31', '2019-10-17 13:45:49', '6c157002fb2ac30e502d6757ccc4ccfa.jpg', 0),
(101, 'MANTHAN MEHTA', 'VIJAY K MEHTA', '1999-06-27', 'BTECH', 'EE', '317/17', '1704516', 2017, '8A GURDEV NAGAR NEAR NEW GRAIN MARKET JALANDHAR', 'participant', 100, '2019-10-14 16:55:34', '2019-10-17 13:57:22', 'cd860190d698df554cdda077475cd44a.jpeg', 0),
(102, 'PRIYANK LOONA', 'KEWAL KUMAR', '2000-03-30', 'BTECH', 'CE', '635/17', '1704413', 2017, 'WARD NO 16 UPPER SHIVA NAGAR KATHUA J&K', 'participant', 100, '2019-10-14 16:58:19', '2019-10-17 13:57:22', '29f9cb5550bf78ab056ec919be446062.jpeg', 0),
(103, 'NAVNEET KAUR', 'DILBAG SINGH', '2000-12-12', 'B.COM 5TH SEM', 'COMMERCE', '1732756', '0', 2017, 'VPO BUGHA,TARN TARAN', 'participant', 164, '2019-10-14 16:59:10', '2019-10-17 13:45:49', '7792e1aa354812fda1b524141630ec7f.jpg', 0),
(104, 'RAJAT', 'DARSHAN SINGH', '1999-08-16', 'BTECH', 'CE', '638/17', '1704416', 2017, '92-F/17 MAAN SINGH NAGAR JALANDHAR', 'participant', 100, '2019-10-14 17:00:53', '2019-10-17 13:57:22', '2012a81aa202c1ea9304eb1ea47d9d10.jpeg', 0),
(105, 'GAURAV BHALLA', 'SR. DARSHAN BHALLA', '1981-06-13', '', '', '', '0', 2000, '278 KHERA ROAD PHAGWARA DIST KAPURTHALA', 'accomp', 100, '2019-10-14 17:09:48', '2019-10-17 13:57:22', '70e0fdc2c8217e6c292bcdb06672986b.jpeg', 0),
(106, 'SATWINDER SINGH', 'JASVINDER SINGH', '1989-04-06', '', '', '', '0', 2000, 'R S ENTERPRISES GORAYAN ROAD RURKA KALAN DIST JALANDHAR', 'accomp', 100, '2019-10-14 17:28:38', '2019-10-17 13:57:22', '2c386de9d24b153fdce81fcc67af28c3.jpeg', 0),
(107, 'SUBEJ SINGH BHOGAL', 'JATINDER SINGH', '1996-01-15', '', '', '', '0', 2000, '243 LAJPAT NAGAR JALANDHAR', 'accomp', 100, '2019-10-14 17:33:39', '2019-10-17 13:57:22', 'c1d9867d5d8ed603f9d4d64a02c42a3f.jpeg', 0),
(108, 'PRIYANSHU SOLANKI', 'PANCHAM SINGH', '1995-10-23', '', '', '', '0', 2000, '63-A SHIV NAGAR SODHAL ROAD JALANDHAR', 'accomp', 100, '2019-10-14 17:38:49', '2019-10-17 13:57:22', 'ee994ccbf41fe336f3431096978fea8c.jpeg', 0),
(109, 'GAGAN SHARMA', 'MR. GULSHAN KUMAR SHARMA', '2000-04-28', 'B.TECH', 'ME', '517/17', '1704738', 2017, 'H NO.  234 KRISHNA COLONY, PALWAL', 'participant', 100, '2019-10-15 11:00:53', '2019-10-17 13:57:22', 'e1bf05bf5f9ad81f56c278a0417d9108.jpeg', 0),
(110, 'SHIVAM MAHAJAN', 'PARVEEN KUMAR', '1997-08-06', 'MBA', 'MBA', '2150/18', '1803924', 2015, 'H NO.  7   PREM NAGAR NEAR ARYA SAMAJ MANDIR  PATHANKOT', 'participant', 100, '2019-10-15 11:05:57', '2019-10-17 13:57:22', '780d494c6e1565b5d5fb6a3eb90f1d19.jpeg', 0),
(111, 'KANAV KAPOOR', 'BRIJ MOHAN', '1998-12-05', 'B.TECH', 'EE', '320/16', '1604388', 2016, 'EQ 101 PACCA BAGH, JALANDHAR', 'participant', 100, '2019-10-15 11:09:41', '2019-10-17 13:57:22', 'e5ca068be8c39b0c9c6e73078e5c006c.jpeg', 0),
(112, 'SAKSHAM SHARMA', 'JATINDER KUMAR', '1999-07-30', 'B.TECH', 'CE', '648/17', '1704426', 2017, '129 MMS COLONY VILL. BIRRING PO JALANDHAR CANTT.', 'participant', 100, '2019-10-15 11:14:11', '2019-10-17 13:57:22', 'd15bc8d80906ffe93416dca1f6469c3a.jpeg', 0),
(113, 'PIYUSH SHARMA', 'BALBIR KUMAR', '2000-09-27', 'B.TECH', 'CSE', '138/19', '1903612', 2019, '36/2  DILBAGH NAGAR EXTN. ,   JALANDHAR', 'participant', 100, '2019-10-15 11:17:08', '2019-10-17 13:57:22', '312267e81cdf2a07f1bec66f7a11e1f7.jpeg', 0),
(114, 'ARMAAN GILL', 'RAJBIR SINGH GILL', '1998-04-08', 'B.TECH', 'CSE', '114/16', '1604320', 2016, '30, GREEN PARK COOL ROAD , JALANDHAR', 'participant', 100, '2019-10-15 11:19:04', '2019-10-17 13:57:22', '6fad2f308acb2a306ba943595da83363.jpeg', 0),
(115, 'MUNISH KUMAR', 'HARISH KUMAR', '2000-04-08', 'B.TECH', 'ME', '534/17', '1704756', 2017, 'HNO. 761/5R SATNAM NAGAR , NEW GRAIN MARKET, JALANDHAR', 'participant', 100, '2019-10-15 11:20:50', '2019-10-17 13:57:23', 'f7685b48e4bba2bd03573bbbb607c5be.jpeg', 0),
(116, 'PRANSHU NAGPAL', 'PARVEEN NAGPAL', '1997-09-05', 'B.TECH', 'ME', '542/16', '1604679', 2016, '259/6 CENTRAL TOWN , JALANDHAR', 'participant', 100, '2019-10-15 11:31:03', '2019-10-17 13:57:23', '2d2196646b91953cd28a99552ec99b4f.jpeg', 0),
(117, 'SHIVANI SHARMA', 'CHANDER MOHAN', '2000-01-07', 'B.TECH', 'CSE', '166/17', '1704580', 2017, '67-A-ROSE PARK , GULAB DEVI ROAD, JALANDHAR', 'participant', 100, '2019-10-15 11:33:25', '2019-10-17 13:57:23', '3363928ae4b2b1ac2b7afce8bcef1216.jpeg', 0),
(118, 'JANNAT MIGLANI', 'GAGANDEEP SINGH MIGLANI', '2000-11-07', 'B.TECH', 'CSE', '126/19', '1903600', 2019, '246 R LAJPAT NAGAR, JALANDHAR', 'participant', 100, '2019-10-15 11:33:49', '2019-10-17 13:57:23', '1f2d5c4f890c5747f2097a57c4473ed6.jpeg', 0),
(119, 'Manpreet', 'Hardip SinghManpreet', '1999-10-19', 'Bcom', 'Management', '1731269', '1731269', 2017, 'Hardochani road hayat nagar GURDASPUR', 'participant', 134, '2019-10-15 11:55:05', '2019-10-17 13:45:50', 'c88a9d27f682375b544c4750d47c1b3e.jpg', 0),
(120, 'Rohit Kumar', 'Baldev raj', '1998-04-30', 'Civil engineering 7th', 'Engg', '1711409', '1711409', 2017, 'Sukhjinder college hardochanni road\r\nGurdaspur', 'participant', 134, '2019-10-15 11:58:31', '2019-10-17 13:45:50', 'ee72728ee6b19e31c21b4903e0184de9.jpg', 0),
(121, 'BALJEET SINGH', 'JARNAIL SINGH', '1998-08-24', 'B.TECH', 'CE', '667/16', '1704782', 2016, 'H NO. 263, RAJA GARDEN,  JALANDHAR', 'participant', 100, '2019-10-15 12:01:30', '2019-10-17 13:57:23', '37ea80acd79a8c9bc56d10e14bf50883.jpeg', 0),
(122, 'TRIPATPAL SINGH', 'NARINDER SINGH', '1996-09-08', 'B.TECH', 'EE', '367/16', '1704834', 2017, 'NM 24 MOH. KARARKHAN ,  JALANDHAR', 'participant', 100, '2019-10-15 12:05:14', '2019-10-17 13:57:23', '4539a55c75cd75eab6ca3c67dcca8427.jpeg', 0),
(123, 'LOVEPREET SINGH', 'GURPAL SINGH', '1994-01-13', '', '', '', '0', 2000, 'MEHOKA, AMRITSAR', 'accomp', 100, '2019-10-15 12:06:37', '2019-10-17 13:57:23', '54a5b62f95c8386935a3c9dc2ee13f67.jpeg', 0),
(124, 'PRABHJOT SINGH', 'ANOOP SINGH', '2000-08-18', '', '', '', '0', 2000, 'GALI NO. 1 NEW AZAD NAGAR , AMRITSAR', 'accomp', 100, '2019-10-15 12:08:25', '2019-10-17 13:57:23', 'e7e6a0e09c3a2df4200eaabe9b0626db.jpeg', 0),
(125, 'HARSHIV SHARMA', 'RAJESH SHARMA', '2000-08-28', 'B.TECH', 'ECE', '63/17', '1704743', 2017, 'HNO.343 MOHALLA SHEIKHAN WALA KAPURTHALA', 'participant', 100, '2019-10-15 12:41:32', '2019-10-17 13:57:23', 'ddf56609281f2fa48e98f37c3c8422e0.jpeg', 0),
(126, 'ADITYA DIXIT', 'DR. NEERAJ DIXIT', '1999-01-15', 'B.TECH', 'IT', '402/17', '1704597', 2017, '243 NEW DEOL NAGAR, JALANDHAR', 'participant', 100, '2019-10-15 13:44:58', '2019-10-17 13:57:23', 'a5b0e44a97c0d29440dacaad4d2f5f21.jpeg', 0),
(127, 'MOHAMMAD KAIF', 'ABDUL HAEE', '2000-08-08', 'B.TECH', 'ECE', '207/18', '1803783', 2018, 'ST NO. 4  GURMAIL  NAGAR  GIASPURA  LUDHIANA', 'participant', 100, '2019-10-15 13:54:44', '2019-10-17 13:57:23', '65ca4e724f4d087ac0bce2695aac3ff4.jpeg', 0),
(128, 'Soha', 'Malkeet Singh', '1997-11-22', 'btech', 'ECE', '1724280', '1724280', 2012, 'vill. murar , p.o. hamira (pb)', 'participant', 116, '2019-10-15 16:44:38', '2019-10-17 13:45:50', '3d95d1955a3506757b8580bcc300905d.jpg', 0),
(129, 'SIMRAN BOGIA', 'SURESH KUMAR', '1999-11-25', 'B.TECH', 'EE', '329/17', '1704528', 2017, 'H NO. 77  NEAR OLD DAK BUNGLOW REASI,  JAMMU', 'student_accomp', 100, '2019-10-15 16:45:34', '2019-10-17 13:57:23', '1303bb8031e8ce1f765b31b0dc7a9274.jpeg', 0),
(130, 'Manpreet kaur', 'Baldev Singh', '2001-11-01', 'btech', 'CSE', '3033', '0', 2019, 'Nurmahal , distt. jalandhar (pb)', 'participant', 116, '2019-10-15 16:51:59', '2019-10-17 13:45:50', 'e74daf87c64e88eca0af4b2946290203.jpg', 0),
(132, 'Kiran Pundir', 'Lalit singh', '2002-01-03', 'Btech', 'CSE', '3011', '0', 2019, 'Village  Lidhran Jalandhar', 'participant', 116, '2019-10-15 16:52:41', '2019-10-17 13:45:50', 'd21b52ef25ec4f1e2cbf2d285c87f2f6.jpg', 0),
(133, 'Manvir Kaur', 'Ranjit Singh', '2000-08-29', 'Btech', 'CSE', '3014', '0', 2019, 'Preetnagar Galli no 6 Kapurthala', 'participant', 116, '2019-10-15 16:55:10', '2019-10-17 13:45:50', 'd173785fd32d6f3a608be28268fa284f.jpg', 0),
(134, 'Paramjit Kaur', 'Teja singh', '1999-01-05', 'Btech', 'CSE', '1625454', '1625454', 2016, 'Mukerian Distt. Hoshiarpur', 'participant', 116, '2019-10-15 16:58:01', '2019-10-17 13:45:50', '7ad6168b0544d1b59195490eb96f3420.jpg', 0),
(135, 'Nafi Hassan Malla', 'Gh hassan Malla', '1995-07-14', 'MBA', 'Mba', '1814993', '1814993', 2015, 'Litter Pulwama Jammu and Kashmir', 'participant', 116, '2019-10-15 17:00:09', '2019-10-17 13:45:50', '68589ef169546aba1af7c8ebb52d127e.jpg', 0),
(136, 'PAWAN KUMAR', 'SH. KEHAR SINGH', '1999-10-09', '', '', '', '0', 2000, 'H NO.  274/1 , KOTA RAM DASS , JALANDHAR', 'accomp', 100, '2019-10-15 17:04:42', '2019-10-17 13:57:23', '974df3ebd7badf8024f7b9ec8473c1bd.jpeg', 0),
(137, 'Rajan Kakkar', 'Raj Kumar Kakkar', '1996-06-04', 'MBA', 'Mba', '1815001', '1815001', 2017, 'house no 181 venus valley Jalandhar', 'participant', 116, '2019-10-15 17:06:55', '2019-10-17 13:45:50', 'f8dee873f4fc28ed48b016b697df49a2.jpg', 0),
(138, 'Mohit', 'Mulkhraj', '1999-03-12', 'btech', 'automobile', '1723945', '1723945', 2017, 'v.p.o. Bhatodi, teh. billawar, distt. kathua,', 'participant', 116, '2019-10-15 17:09:13', '2019-10-17 13:45:50', '8b90462570a9a6b374f42d0cef68ec8c.jpg', 0),
(141, 'Rahul', 'Roop Lal', '1998-09-11', 'btech', 'CSE', '1814926', '1814926', 2018, 'h.no 600 s.b.l.s nagar(pb)', 'participant', 116, '2019-10-15 17:15:24', '2019-10-17 13:45:50', 'a32cfc6afc629e08b71877d3c89f9878.jpg', 0),
(150, 'Shubham Singh Rana', 'Kushal Singh Rana', '2000-04-25', '5', 'B.Tech Civil Engineering', '1730765', '1730765', 2017, 'H-NO. 163, VPO BATHU, TEHSIL HAROLI, DISTRICT UNA, HP-174301', 'participant', 124, '2019-10-15 21:28:08', '2019-10-17 13:45:50', 'e4d140e5e400735e0de3c2f6de749822.jpg', 0),
(151, 'Lubna Jan', 'Reyaz Ahmad Sheikh', '1999-10-05', '5', 'B.Tech Civil Engineering', '1730761', '1730761', 2016, 'village Badasgam, post office hakura, district anantnag , jammu & kashmir, 192211', 'participant', 124, '2019-10-15 21:40:31', '2019-10-17 13:45:50', 'afce76fa7f9b301268c0721fe3d11305.jpg', 0),
(152, 'Anmol Rattan Singh', 'Rajeshwar Dayal Singh', '1997-12-30', '5', 'B.Tech Civil Engineering', '1818070', '1818070', 2017, 'H. No 27, St -3, National Avenue, Rama Mandi, 144023, Jalandhar', 'participant', 124, '2019-10-15 21:54:17', '2019-10-17 13:45:50', 'a8c92a19b09887f40bf43d08a30a5181.jpeg', 0),
(153, 'Rajwinder Rajan Paul', 'Subash Chander Paul', '1999-05-26', '5', 'B.Tech Civil Engineering', '1730764', '1730764', 2017, 'St-5, Armaan Nagar, Dhilwan, Jalandhar', 'participant', 124, '2019-10-15 22:09:00', '2019-10-17 13:45:50', '4ed81cf5748c4c5d7ee14413a7ed59b5.jpeg', 0),
(154, 'Shashank Malhotra', 'Joginder Pal Singh', '2000-11-16', '1', 'B.Tech CSE', '19164', '19164', 2019, 'St-2, Kirti Nagar, Hoshiarpur Road, Phagwara', 'participant', 124, '2019-10-16 10:52:51', '2019-10-17 13:45:50', '4710525f7c805119e5d87226e3d29ce1.jpeg', 0),
(155, 'Hargun rana', 'Hitkarni Vir singh', '2000-03-07', '3', 'Btech-CSE', '1817965', '1817965', 2018, '9 Kasturba Nagar,  Jalandhar cantt', 'participant', 124, '2019-10-16 10:53:49', '2019-10-17 13:45:50', '4ffa5f4d93f0db96f89b0aa76db4045b.jpeg', 0),
(156, 'Navneet Kaur', 'Balvir Singh', '2002-01-22', '3', 'B.Tech CSE', '1815223', '1815223', 2018, 'VPO Bhulath, District Kapurthala, 144622', 'participant', 124, '2019-10-16 10:57:45', '2019-10-17 13:45:50', '9bc081d25e7887e2bfdc3449e27dd881.jpeg', 0),
(157, 'BALWINDER KUMAR', 'BALVIR DHOLI', '1992-11-12', '', '', '', '0', 2000, 'VPO. CHACHRARI   TEH . PHILLAUR  DISTT.  JALANDHAR', 'accomp', 100, '2019-10-16 11:01:53', '2019-10-17 13:57:23', 'dc849842923c61169568d5bbaedc0934.jpeg', 0),
(158, 'jaspreet singh', 'chatter singh', '2000-02-16', '1', 'b.tech- cse', '19141', '19141', 2019, 's-242 industrial area ,jalandhar', 'participant', 124, '2019-10-16 11:02:07', '2019-10-17 13:45:50', '5a3e6cab03a90eb49d10bef474fb8fa4.png', 0),
(159, 'GURPREET SINGH', 'RANJIT SINGH', '1999-02-24', '', '', '', '0', 2000, 'VPO  UDHO NANGAL TEH. BABA BAKALA  DISTT.  AMRITSAR', 'accomp', 100, '2019-10-16 11:04:04', '2019-10-17 13:57:23', '43218908b1036b985028c6957b4cc9a6.jpeg', 0),
(160, 'Ramanjot Singh', 'Surinder Singh', '1999-02-13', '3 Sem', 'B.Tech Civil Engineering LEET', '192L05', '1916271', 2016, 'VPO Adamwal, District Hoshiarpur,', 'participant', 124, '2019-10-16 11:05:20', '2019-10-17 13:45:50', 'f8d72877afa2a2b66eae9ddcd4932c10.jpeg', 0),
(161, 'KIRAT SINGH', 'GURBIR SINGH', '1997-10-05', '', '', '', '0', 2000, 'GALI  JAMITA KAMBOJ  BAZAR JATTAN WALA,  GILWALI  GATE ,  AMRITSAR', 'accomp', 100, '2019-10-16 11:07:20', '2019-10-17 13:57:23', '02f2b545f54c1ac8dbf024065e45c195.jpeg', 0),
(162, 'HARMANPREET SINGH', 'BAJ SINGH', '1999-02-23', '', '', '', '', 2000, '205,  GURU  NAGAR VERKA ,  AMRITSAR', 'accomp', 100, '2019-10-16 11:09:12', '2019-10-17 13:57:23', '4ab4805f3fceab0eba93ee3a4154ba62.jpeg', 0),
(163, 'komal', 'gauri shankar', '1999-08-22', '3', 'Btech-CSE', '1817979', '1817979', 2020, '114\'A\' harnaam dass pura', 'participant', 124, '2019-10-16 11:11:44', '2019-10-17 13:45:50', '993e6c9a60170efa66854662e88ec7d8.jpg', 0),
(164, 'Rupinder Kaur', 'Balkar Singh', '1997-10-04', 'B. Tech', 'CSE- 7TH', '1625460', '1625460', 2016, 'VPO: Miani Teh:Dasuya Distt:Hoshiarpur', 'student_accomp', 116, '2019-10-16 11:12:29', '2019-10-17 13:45:50', '6349de40057ec3f8ccb36c0f958541e1.jpg', 0),
(165, 'Gurveer Singh', 'Jasveer Singh', '1995-10-18', '7 Sem', 'B.Tech ECE LEET', '1730927', '1730927', 2014, '139/8, Kabir Vihar, Basti Bawa Khel, Jalandhar', 'participant', 124, '2019-10-16 11:15:08', '2019-10-17 13:45:50', '460967b7682f30f342cf176fd26d1019.jpeg', 0),
(166, 'Sachin Kumar', 'Ramesh Sehgal', '1999-10-17', '5 Sem', 'B.Tech ME', '1730856', '1730856', 2017, 'EG.845, Gobindgarh, Jalandhar', 'participant', 124, '2019-10-16 11:26:01', '2019-10-17 13:45:50', '458a41af9896a1150938fee40f2d0d24.jpeg', 0),
(167, 'Gurpreet Singh', 'Devi Chand', '1999-12-01', '5 Sem', 'B.Tech ME', '1730847', '1730847', 2017, 'VPO Kandola, District Jalandhar, 144103', 'participant', 124, '2019-10-16 11:29:17', '2019-10-17 13:45:50', 'e77b51476e84fa29762601885035b6c5.jpeg', 0),
(168, 'Ranjna', 'Sh. Sarwan kumar', '1999-01-19', 'btech-cse 5 sem', 'b.tech- cse', '1730809', '1730809', 2017, 'Qadian, district gurdaspur.', 'participant', 124, '2019-10-16 11:38:26', '2019-10-17 13:45:50', 'b7c5d999cdf068dc518b8eba7e7c00ed.jpg', 0),
(169, 'PALVI ARORA', 'ANIL KUMAR', '1999-10-22', 'B.TECH', 'CSE', '138/17', '1704478', 2017, '39- BSF COLONY NEAR HMV COLLEGE , JALANDHAR', 'participant', 100, '2019-10-16 11:43:25', '2019-10-17 13:57:23', '3d07d7c50081c757797e8d19839b5bc2.jpeg', 0),
(170, 'GARIMA SHARMA', 'DEEPAK SHARMA', '1999-03-16', 'B.TECH', 'CSE', '173/17', '1804006', 2017, '157 CHEEMA  NAGAR  PO  MODEL TOWN  , JALANDHAR', 'participant', 100, '2019-10-16 11:46:44', '2019-10-17 13:57:23', 'f4e9acb665355c571a1deee574e00b0f.jpeg', 0),
(171, 'AKANKSHA JHA', 'HARI SHANKAR', '2001-08-12', 'B.TECH', 'CSE', '107/19', '1903581', 2019, 'HNO. 280  KAIA COLONY  PHASE 2 , JALANDHAR', 'participant', 100, '2019-10-16 11:57:08', '2019-10-17 13:57:23', 'd8cae9f1e665be75877de8834ef34649.jpeg', 0),
(172, 'LOVISH DHANDA', 'RAJAN KUMAR', '1999-09-27', 'B.TECH', 'CSE', '130/18', '1803676', 2018, '71  URBAN  ESTATE PHASE 1  JALANDHAR', 'participant', 100, '2019-10-16 12:02:32', '2019-10-17 13:57:23', '4bd742030a7e5a8d9792f6fc7cb5ef17.jpeg', 0),
(173, 'MRIDUL TALWAR', 'SUSHIL KUMAR', '2001-01-13', 'B.TECH', 'EE', '318/18', '1803727', 2018, '984/20  ARJUN  NAGAR,  JALANDHAR', 'participant', 100, '2019-10-16 12:10:15', '2019-10-17 13:57:23', 'aeec887755dce415a393f03f4aea7910.jpeg', 0),
(174, 'AMIT KAJAL', 'HARJINDER PAL', '1998-12-02', 'B.TECH', 'CSE', '106/16', '1604312', 2016, 'VILL.  MUZAFFAR  PUR, PO  BHOJOWAL  DISTT.  JALANDHAR', 'participant', 100, '2019-10-16 12:24:03', '2019-10-17 13:57:23', '7db47baeb8e65599ae0e3071891137a2.jpeg', 0),
(175, 'HARNEET SINGH DHILLON', 'HARWINDER SINGH DHILLON', '1997-01-03', 'B.TECH', 'EE', '342/16', '1637535', 2016, '191  DHILLON FURNITURE,  AMRITSAR', 'participant', 100, '2019-10-16 12:27:28', '2019-10-17 13:57:23', '85b379d8da161a843d448f9c560ff3dd.jpeg', 0),
(176, 'ANUREET KAUR', 'JASPAL SINGH', '1998-11-11', 'Btech', 'CSE', '1708531', '1708531', 2017, 'Hno L8-506 Dilbagh Nagar Tarn Taran road amritsar', 'participant', 150, '2019-10-16 12:30:45', '2019-10-17 13:45:51', 'b1f23179d334a04f4c7ffe1bd82e50a2.jpg', 0),
(177, 'NAVPREET KAUR', 'HARVINDER SINGH', '1994-11-18', 'MBA 3RD SEM', 'MANAGEMENT', '1818277', '', 2017, 'VPO Rashiana', 'participant', 164, '2019-10-16 12:30:54', '2019-10-17 13:45:51', 'ed0b852a94db362910014a4baaf4252d.jpg', 0),
(178, 'BIBEKJOT SINGH', 'HARPREET SINGH', '1997-11-18', 'B.TECH', 'IT', '464/16', '1607085', 2016, '364- A  SHASTRI  NAGAR ,  JALANDHAR', 'participant', 100, '2019-10-16 12:30:54', '2019-10-17 13:57:23', '5d4758a9e3f66e8279746c558f862cd3.jpeg', 0),
(180, 'SATINDER KAUR', 'PARAMJEET SINGH', '1999-03-27', 'B.Tech', 'CSE', '1608981', '1608981', 2016, 'Ward No 1 Bahadar Lahri PO Sujjanpur (Pathankot)', 'participant', 150, '2019-10-16 12:33:15', '2019-10-17 13:45:51', '13d46c3c733fbce58ba7d9aca05190b7.jpg', 0),
(181, 'DEEPAK KUMAR', 'SHINDER PAL', '1998-07-24', 'B.TECH', 'CE', '619/16', '1604264', 2016, 'VILL.  MUJAFFARPUR, PO  BHOJOWAL, DISTT. JALANDHAR', 'participant', 100, '2019-10-16 12:34:04', '2019-10-17 13:57:23', '499ad0f6c2f41077a3ff0581c3f3087a.jpeg', 0),
(182, 'Gurpreet Singh', 'Surjet Singh', '1998-08-16', 'btech', 'E.E', '1625485', '1625485', 2016, 'V.P.O. Sherpur Sheikhe,jal.', 'student_accomp', 116, '2019-10-16 12:41:23', '2019-10-17 13:45:51', 'ecfa7905a9e6175b85fe251dea4f6e59.jpg', 0),
(183, 'RAKSHIT CHAUHAN', 'ROHIT CHAUHAN', '2001-03-28', 'B.TECH', 'IT', '446/19', '1903857', 2019, 'HNO. 10  VIJAY COLONY, LUHAR NANGAL, NEAR CURO MALL,  JALANDHAR', 'participant', 100, '2019-10-16 12:42:02', '2019-10-17 13:57:23', '9d85591c3868c7f1094620afc01f61e9.jpeg', 0),
(184, 'Babit', 'Joginder Singh', '1996-12-19', 'MBA 1st', 'MBA', '7005', '0', 2016, 'H.no B\\82, Dr. Ambedkar Nagar, P.O Chugitti, Jal.', 'participant', 116, '2019-10-16 12:46:57', '2019-10-17 13:45:51', 'e14958b272959773964af0479f9062b7.jpg', 0),
(185, 'AMRITPAL SINGH', 'JAMAIL SINGH', '1999-11-08', 'B.TCH 5TH SEM', 'CSE', '1708529', '1708529', 2017, 'H NO 65, STREET NO 1, GURU NANAK ENCLAVE KAHANDWALA CHHEHERTA AMRITSAR', 'participant', 150, '2019-10-16 13:01:44', '2019-10-17 13:45:51', 'f2a33f7ce3478115de1b087bf3c08c24.JPG', 0),
(186, 'AMRITANJALI', 'KULBHUSHAN RAI', '1998-03-18', 'B.TECH 7TH', 'CSE', '1608939', '1608938', 2016, 'H No 1517, LANE NO 3, CHOUDHARY HARI SINGH NAGAR, AMRITSAR', 'participant', 150, '2019-10-16 13:06:41', '2019-10-17 13:45:51', '51b50bb8e7382b90f996ecef762b18fb.JPG', 0),
(187, 'BHAVYA', 'SANJEEV KUMAR', '2001-08-28', 'B.TECH', 'ECE', '2008/19', '1903713', 2019, 'B-III /212 , JAIN  COLONY, MOH.  KARAR KHAN , JALANDHAR', 'participant', 100, '2019-10-16 13:33:02', '2019-10-17 13:57:23', '81914a0c6b8bcc5634c55a93e8d5c2e3.jpeg', 0),
(188, 'ISHIKA AHUJA', 'RAVI SHANKAR AHUJA', '2000-12-11', 'B.TECH 1ST SEM', 'CSE', 'ID-10078480', '', 2019, 'H NO 129, WHITE ENCLAVE, MAJITHA ROAD, AMRITSAR', 'participant', 150, '2019-10-16 13:53:34', '2019-10-17 14:32:59', 'cecf4a4e52bbaaef5916cbec617a8736.jpg', 0),
(189, 'GURPREET SINGH RANDHAWA', 'BALBIR SINGH', '1997-10-22', 'B.TECH 7TH', 'CSE', '1609066', '1609066', 2016, 'VILLAGE KHAIRABAD, AJANALA ,ROAD AMRITSAR', 'student_accomp', 150, '2019-10-16 13:55:05', '2019-10-17 13:45:51', 'fc465dde7a332787433dfeb3928ea2df.jpg', 0),
(190, 'MUKUL CHOUDHARY', 'KISHORE KUMAR', '1998-05-12', 'B.TECH', 'IT', '457/16', '1637538', 2016, '525-C TYPE 2 , RCF  HUSSAINPUR, KAPURTHALA', 'participant', 100, '2019-10-16 14:38:13', '2019-10-17 13:57:23', 'dae480ec6db0c86de9a21ecb5adad8bd.jpeg', 0),
(191, 'RAMANDEEP KAUR', 'RESHAM SINGH', '1998-10-13', 'B.TECH 7TH', 'ME', '1609092', '1609092', 2016, 'VPO SADARWALA  DISTRICT MUKATSAR SAHIB,', 'participant', 150, '2019-10-16 14:39:23', '2019-10-17 13:45:51', 'b91889a3b77f5b3d49ff90432b1e071b.JPG', 0),
(192, 'Komal', 'Mr. Ashok Kumar', '2000-11-15', '3', 'B.Tech(CSE)', '1817978', '1817978', 2018, 'es 364, street no. 3, abadpura, jalandhar', 'participant', 124, '2019-10-16 14:44:25', '2019-10-17 13:45:51', '94be600295a8cbb686cca067891d7e1f.jpg', 0),
(193, 'RITIKA SAINI', 'BALDEV RAJ SAINI', '2002-03-04', 'B.TECH', 'IT', '447/19', '1903858', 2019, 'WARD NO. 18, BEHIND STADIUM, KATHUA, J&K', 'participant', 100, '2019-10-16 14:45:37', '2019-10-17 13:57:23', 'c081827b2c8b529f53ee86c3b749f5d4.jpeg', 0),
(194, 'Shivani Bhardwaj', 'Mr. Kuldip Kumar', '1999-07-26', '3', 'B.Tech(CSE)', '1818006', '1818006', 2018, 'h. no. 179, khurla kingra, jalandhar', 'student_accomp', 124, '2019-10-16 14:47:27', '2019-10-17 13:45:51', '441036c30a83abf108bacc4cb5496bda.jpg', 0),
(195, 'AMAN MAHAJAN', 'SANJEEV GUPTA', '1999-01-16', 'B.TECH', 'CSE', '109/17', '1704447', 2017, 'WARD NO. 17, POLICE LINES ROAD, KATHUA, J&K', 'participant', 100, '2019-10-16 14:50:41', '2019-10-17 13:57:23', 'c3d430d7f86dd39abcd15b5a3cf0e278.jpeg', 0),
(196, 'Jaswinder Kaur', 'Iqbal Singh', '1996-10-18', 'Btech', 'CSE', '1625439', '1625439', 2015, 'House No. 44, New Jawala Nagar, Maqsudan, Jalandhar City', 'participant', 116, '2019-10-16 15:02:02', '2019-10-17 13:45:51', '6dbd2622e96afadf311b5eb3e68b820f.jpg', 0),
(197, 'Mandeep Kaur', 'Harbhajan Singh', '2002-10-24', 'btech', 'CSE', '1814915', '1814915', 2018, 'Bainch Baja City Tanda,Teh. Dasuya, Distt. Hoshiarpur', 'participant', 116, '2019-10-16 15:11:32', '2019-10-17 13:45:51', '435d06aa72cac59ebf6c4bd39376638a.jpg', 0),
(198, 'Samiksha', 'Roshan lal', '1999-11-02', 'Btech', 'CSE', '1724027', '1724027', 2017, 'Vill.Koompur, P.O. Khun khun kalan,Tehsil=Dasuya,Distt.Hoshiarpur', 'participant', 116, '2019-10-16 15:16:49', '2019-10-17 13:45:51', 'a9e9b2021a158f6caf8de8dd1fb527ac.jpg', 0),
(199, 'Harmanpreet kaur', 'S.Tarjit Singh', '1998-01-04', 'btech', 'CSE', '1724001', '1724001', 2017, '31/B Gold Colony Nangal Shama Road,Bhojowal', 'participant', 116, '2019-10-16 15:23:05', '2019-10-17 13:45:51', '7b0ba130f1589ced62de8f69a207c9b8.jpg', 0),
(200, 'Karuna heer', 'Mohan Lal', '1997-10-06', 'btech', 'CSE', '1724006', '1724006', 2016, 'vill. Nihalpur P.O Dasuya distt Hoshiarpur', 'participant', 116, '2019-10-16 15:30:28', '2019-10-17 13:45:51', 'a52381267193c2214a55615c89ac75b1.jpg', 0),
(202, 'Palvi Kaillay', 'Santokh Chand Kaillay', '1999-06-08', 'Btech', 'CSE', '1625453', '1625453', 2016, 'Vill. Jajja Kalan,Teh.-Phillaur,Distt.-Jalandhar', 'participant', 116, '2019-10-16 15:44:32', '2019-10-17 13:45:51', '3c4b4159cc5c1d45c509fb84efdc1d13.jpg', 0),
(203, 'Ravinder Kaur', 'Kuldeep Singh', '2001-05-21', 'Btech', 'CSE', '1724022', '1724022', 2017, 'Vill.Gambowal  P.O.Khudda  Tehsil.Dasuya  Distt.Hoshiarpur', 'participant', 116, '2019-10-16 15:56:30', '2019-10-17 13:45:51', '3411afacce37bb97fd9589b229fb6298.jpg', 0),
(204, 'AMANDEEP SINGH', 'MANJIT SINGH', '1998-10-22', 'BCA 5TH SEM', 'Bachelor of computer application', '1732709', '0', 2017, 'RAILWAY ROAD, TARNTARAN', 'participant', 164, '2019-10-16 16:11:44', '2019-10-17 13:45:51', 'd0d9894fed8926498da7d00787c8100b.jpg', 0),
(205, 'PANKAJ KUMAR', 'JAMIT RAJ', '1991-09-30', '', '', '', '0', 2012, 'VILLAGE GANDHIAN  PANIAR DISTRICT GURDASPUR', 'accomp', 132, '2019-10-16 16:47:04', '2019-10-17 13:45:51', 'a4c5a8330855b68fc1f1336fd5c8e8e0.jpeg', 0),
(206, 'JASKIRAT SINGH', 'SARABJIT SINGH', '1999-09-02', 'B.TECH 5TH', 'CSE', '1708537', '1708537', 2017, 'H NO A-85 GALI NO 8 VIKAS NAGAR , KAHNDWALA, AMRITSAR', 'participant', 150, '2019-10-16 16:59:11', '2019-10-17 13:45:51', 'd87c3a647534d49c5980c8ffc6542222.jpg', 0),
(207, 'Jagroop singh', 'Takdeer Singh', '2000-01-11', 'b.tech', 'cse', '1625437', '1625437', 2016, 'Maqsudan chowk,jalandhar', 'participant', 116, '2019-10-16 17:00:41', '2019-10-17 13:45:51', '482555e98e545022bcc9f0bc20d0008c.jpg', 0),
(208, 'PAYAL RAJPUT', 'MANDEEP  RAJPUT', '1998-11-23', '7TH', 'CHEMICAL', '3012/16', '1601507', 2016, '24, JYOTI  NAGAR,JALANDHAR', 'participant', 132, '2019-10-16 17:05:30', '2019-10-17 13:45:51', 'cbab25c86f339e0ee8fae79a30cca7dd.jpg', 0),
(209, 'RABYA SINGH', 'AMANDEEP SINGH', '2000-04-27', 'B.TECH 3RD', 'CSE', '1807329', '1807329', 2018, 'H NO 96 , B BLOCK, SANDHU AVENUE, CHHEHERTA AMRITSAR', 'participant', 150, '2019-10-16 17:06:44', '2019-10-17 13:45:51', 'd782211abf369132b0b9f02a41f86849.jpg', 0),
(210, 'GURPREET SINGH', 'JASWINDER SINGH', '1997-08-09', 'B.TECH 7TH', 'ME', '1609065', '1609065', 2016, 'VILLAGE RAJA SANSI , AMRITSAR', 'participant', 150, '2019-10-16 17:09:35', '2019-10-17 13:45:51', '455ffab4343397c271a559301cbc97e3.jpg', 0),
(211, 'HARLEEN KAUR', 'RANJIT SINGH', '2001-06-01', 'B.TECH 1ST SEM', 'CSE', '110', '', 2019, 'H. No. 327, Green Field Avenue, Majitha Road, Amritsar', 'participant', 150, '2019-10-16 17:13:35', '2019-10-17 13:45:51', '529c9f4d0133e226f8a46fcf59ded0a9.jpg', 0),
(212, 'NAVNEET KAUR', 'SATINDER SINGH', '1999-08-28', '5 SEM', 'CSE', '1063/17', '1702018', 2000, 'VPO TANGOSHAH , LAHRI GAJARAN DISTRICT PATHANKOT', 'participant', 132, '2019-10-16 17:14:29', '2019-10-17 13:45:51', '2d9bf6d4663267271c6877fb44e68704.jpg', 0),
(213, 'HARSHPREET KAUR', 'BALJEET SINGH', '2001-08-18', 'B.TECH 1ST SEM', 'CSE', '111', '', 2019, 'H No-182,Plot No-10,St No-4,Bhawani Nagar,majitha Road Amritsar', 'participant', 150, '2019-10-16 17:16:33', '2019-10-17 13:45:51', 'a61d04a34cacf90c160b5847d0552cef.jpeg', 0),
(214, 'RAVINDER KAUR', 'INDERJIT SINGH', '2001-09-17', 'B.TECH 1ST SEM', 'CSE', 'ID-10078473', '0', 2019, 'L5/500,Saheed Udham Singh Nagar, Gali No-5, Sultanwind Road,Amritsar', 'participant', 150, '2019-10-16 17:20:01', '2019-10-17 13:45:51', 'eb6f5e206b3d05d35202c7e44544107c.jpg', 0),
(215, 'PRABHJEET KAUR', 'MANJIT SINGH', '2000-09-06', 'B.TECH 1ST SEM', 'CSE', 'ID-10078591', '0', 2019, 'H no-21A.street no-5,aman avenue,majitha road,Amritsar', 'participant', 150, '2019-10-16 17:23:05', '2019-10-17 13:45:51', '00a768d439a9b4330385665d3ea069c0.jpg', 0),
(216, 'POONAM', 'RAVINDER SINGH', '1998-10-05', 'B.TECH 7TH', 'ECE', '1609031', '1609031', 2016, 'VPO NAGKALAN MAJITHA ROAD , AMRITSAR', 'participant', 150, '2019-10-16 17:28:35', '2019-10-17 13:45:51', '0372a8183a4ddd7fa5fb8cf6eb207ed7.jpg', 0),
(217, 'SIMRANJIT KAUR', 'SUKHBIR SINGH', '1996-01-25', 'B.TECH 7TH', 'ECE', '1609046', '1609046', 2016, 'VILLAGE DUDHRAI , TEHSIL AJANALA, AMRITSAR', 'student_accomp', 150, '2019-10-16 17:30:49', '2019-10-17 13:45:52', '37a8df7b692cb055d8bfe89b64fd27c1.jpg', 0),
(218, 'ARSHIYA RAJPUT', 'KULBHUSHAN SINGH', '1999-12-02', '5 SEM', 'CSE', '1019/17', '1701973', 2017, 'SANGWATI DISTRICT SAMBA , JAMMU & KASHMIR', 'participant', 132, '2019-10-16 17:31:37', '2019-10-17 13:45:52', 'af4fd91aaf1fc11efeea8fa2a2584c07.jpg', 0),
(219, 'AMIT KAJAL', 'HARJINDER PAL', '1998-12-02', 'B.TECH', 'CSE', '106/16', '1604312', 2016, 'VILL. MUJJAFFARPUR, P.O. BHOJOWAL DISTT. JALANDHAR', 'student_accomp', 100, '2019-10-16 17:34:56', '2019-10-17 13:57:23', 'e52974553a935bcc52788051432f391d.jpeg', 0),
(220, 'NEHA', 'VEDPAL', '1999-03-05', '7TH', 'CSE', '1075/16', '1601593', 2016, 'KHARAL ,GURDASPUR', 'participant', 132, '2019-10-16 17:35:08', '2019-10-17 13:45:52', '1f8b13bef77e2b1dff47c4fcd836f00b.jpg', 0),
(221, 'HARMINDER KAUR', 'SURNJIT SINGH', '1997-09-01', '7TH', 'BIOTECH', '4005/16', '1601475', 2016, 'VILLAGE TALWANDI JHUGLAN TEHSIL BATALA DISTRICT GURDASPUR', 'participant', 132, '2019-10-16 17:38:30', '2019-10-17 13:45:52', 'e5a453d3c71d384a7cbf6df9abc2dc63.jpg', 0),
(222, 'NAVDEEP KAUR', 'S.KULWINDER SINGH', '1997-08-05', '7', 'BIOTECH', '4013/16', '1601483', 2016, 'VPO KIRTOWAL TEHSIL PATTI DISTRICT TARN TARAN', 'participant', 132, '2019-10-16 17:41:39', '2019-10-17 13:45:52', 'ea23180a8cc3e6819d698cd09d679ce1.jpg', 0),
(224, 'NAVLISH KAUR', 'JASPAL SINGH', '2002-01-16', 'B.TECH 1ST', 'CSE', '119', '0', 2019, 'VP Nawan Pind, Mehta Road, Amritsar', 'participant', 150, '2019-10-16 17:49:45', '2019-10-17 13:45:52', 'fc6144b7181133733b27f0c14cd9b324.jpg', 0),
(225, 'YADWINDER SINGH', 'BHUPINDER SINGH', '2001-06-06', 'B.TECH 1ST', 'ME', '406', '0', 2019, 'H NO 217-D, KANWAR AVENUE, DABURJI SULTANWIND LINK ROAD AMRITSAR', 'participant', 150, '2019-10-16 17:51:20', '2019-10-17 13:45:52', 'fce4510d880a2e43e5699328982eea7b.jpg', 0),
(226, 'DALJIT KAUR', 'INDERJIT SINGH', '1999-07-12', 'B.TECH 1ST SEM', 'CSE', '105', '0', 2018, 'VPO,Basrai,Gurdaspur', 'participant', 150, '2019-10-16 17:58:09', '2019-10-17 13:45:52', '67f6ef07170f510320ad8973d7df8b08.jpg', 0),
(227, 'SEHAJ KAUR KAPUR', 'CHARANJEET SINGH', '2001-01-13', 'B.TECH 1ST', 'ECE', '204', '0', 2019, 'H.No-8293-94,Gali No-3,Guru Ramdas Nagar,Sultanwind Road,Amritsar', 'participant', 150, '2019-10-16 17:59:45', '2019-10-17 13:45:52', '788905580cba6fb1bce93b31e9b5ea75.jpg', 0),
(228, 'KARANDEEP SINGH', 'KASHMIR SINGH', '2001-10-16', 'B.TECH 1ST', 'ECE', '201', '', 2019, 'H.NO. 356/D B-BLOCK, RAILWAY COLONY', 'participant', 150, '2019-10-16 18:00:52', '2019-10-17 13:45:52', 'afae4cf0ab303b67441e61fb8844e8e6.jpg', 0),
(229, 'Saiqa', 'Munawer Ahmad', '1997-11-26', 'B.Tech', 'Biotechnology', '4019/16', '1601489', 2016, 'H.No 104, Ward no. 8 ,Ahmadiyya \r\nP.O Qadian\r\nTehsil Batala\r\nDistt. -Gurdaspur\r\nPunjab', 'participant', 132, '2019-10-16 18:01:03', '2019-10-17 13:45:52', 'c71e3002e0c987035f3933274bcd7b95.jpg', 0),
(233, 'PRABHJEET', 'SUBHASH CHANDER', '1997-11-25', '7', 'CSE', '1082/16', '1601600', 2016, 'VPO DODWAN,GURDASPUR', 'participant', 132, '2019-10-16 18:03:42', '2019-10-17 13:45:52', '884496a2b06c8cf2f9a706477cf45c07.png', 0),
(234, 'JASKARANJIT SINGH', 'GURMEET SINGH', '2001-01-24', 'B.TECH 1ST', 'ME', '307', '0', 2019, 'VILL-IBRAHIMPURA,Teh-Ajnala,Amritsar', 'participant', 150, '2019-10-16 18:04:48', '2019-10-17 13:45:52', '91c1d6ac5c63db0a9829871d2357b799.jpg', 0),
(235, 'Jagdeep Singh', 'Harjit Singh', '1995-08-23', 'B.Tech', 'Mechanical', '2132/16', '1702267', 2016, 'Opp. Gurdaspur Public School\r\nBehrampur road Gurdaspur\r\nPunjab', 'participant', 132, '2019-10-16 18:05:37', '2019-10-17 13:45:52', '109f19c6479a8ab8a307fb1ce18ad0b5.jpg', 0),
(236, 'MANPREET KAUR BILHKU', 'S.SURJIT SINGH BILKHU', '1994-11-28', '7', 'CHEMICAL', '3029/16', '1702229', 2017, 'VPO  DHESIAN KHANA ,TEHSHIL  PHILLAUR DISTRICT JALANDHAR', 'participant', 132, '2019-10-16 18:07:48', '2019-10-17 13:45:52', 'ab20b24e6a87bc2a5ad84a5a9994f2ce.jpg', 0),
(237, 'SIMRANJIT KAUR', 'S.LAKHBIR SINGH', '1997-04-28', '7', 'CSE', '1113/16', '1601632', 2015, 'VILLAGE MOKHE DISTRICT GURDASPUR', 'participant', 132, '2019-10-16 18:09:20', '2019-10-17 13:45:52', '7a61e4a76cb56b832025cd5ee18a5dc8.png', 0),
(238, 'NEHA', 'BALKAR SINGH', '1998-08-11', 'B.TECH 5TH', 'CSE', '1708547', '1708547', 2016, 'ARUN NAGAR, STREET NO 2, SUJJANPUR, PATHANKOT', 'participant', 150, '2019-10-16 18:11:24', '2019-10-17 13:45:52', 'c6b4c6a4e011ed77131b8db455513a9b.jpg', 0),
(239, 'Jagjit Singh', 'Charan Singh', '2000-06-25', 'B.Tech', 'CSE', '1049/19', '0', 2019, 'VILL. Kolian 258 P.O Harsa Kalota Distt. Hoshiarpur Punjab', 'participant', 132, '2019-10-16 18:11:46', '2019-10-17 13:45:52', 'e7130e2a18547119098d92a3df01aaa0.jpg', 0),
(240, 'PRABJOT', 'RAM KRISHAN', '1998-12-06', '3 SEM', 'CSE', '1067/18', '1801276', 2018, 'NEW GURGRAN BLOCK SUJANPUR  DISTRICT PATHANKOT', 'participant', 132, '2019-10-16 18:17:34', '2019-10-17 13:45:52', '46649eb08859910f40b379fbaa3b7f95.png', 0),
(241, 'Kamal', 'Dewan Chand', '2002-04-15', 'B.Tech', 'CSE', '1052/19', '0', 2019, 'Mohalla Theh Patti, Tibber , Gurdaspur Punjab', 'participant', 132, '2019-10-16 18:17:39', '2019-10-17 13:45:52', '71ec114e3909c10675d5d9fb76e54810.jpg', 0),
(242, 'Germanjeet Singh', 'Maninder Singh', '2001-09-27', 'B.Tech', 'Biotechnology', '4006/19', '0', 2019, 'Near Panj Peer Adarsh Nagar, Distt. Gurdaspur , Punjab', 'participant', 132, '2019-10-16 18:20:01', '2019-10-17 13:45:52', 'b5ca71070b5dbbe2d8635ed4c202515a.jpg', 0),
(244, 'Sukanya Sharma', 'Heem Raj', '2002-03-15', 'B.Tech', 'CSE', '1102/19', '0', 2019, 'Vill. Mela Tehsil Hiranagar Distt. Kathua J&K', 'participant', 132, '2019-10-16 18:21:31', '2019-10-17 13:45:52', '3c0229f8b08cbed3f3073bed3ac37b2c.jpg', 0),
(245, 'Ashish Thakur', 'Balwinder Singh', '2001-01-23', 'B.Tech', 'CSE', '1025/19', '0', 2019, 'Vill. Kanwan P.O Parmanand Tehsil/Distt. Pathankot\r\nPunjab', 'participant', 132, '2019-10-16 18:23:40', '2019-10-17 13:45:52', '3e3a09ebf8db962efd60feb602729efd.jpg', 0),
(246, 'Swikar Pandotra', 'Tilak Raj', '2001-05-18', 'B.Sc', 'Agriculture', '', '0', 2019, 'Basant Avenue Meharchand Road Gurdaspur Punjab', 'participant', 132, '2019-10-16 18:25:39', '2019-10-17 13:45:52', 'e2e90f01337cf8cfb5b4b6156b5d5c9b.jpg', 0),
(247, 'NIVEDITA BHARDWAJ', 'RAKESH BHARDWAJ', '2001-10-22', '1', 'BIOTECH', '4010/19', '0', 2019, 'T A   S 9 N H O L COLONY BANIKHET DISTRICT CHAMBA', 'participant', 132, '2019-10-16 18:26:44', '2019-10-17 13:45:52', '0e5ac466ab5437d708962aad3bc013e2.jpeg', 0),
(248, 'AJAY', 'MANGI', '1998-11-14', '', '', '', '0', 2000, 'HOUSE 106 , POST OFFICE GURDASPUR', 'accomp', 132, '2019-10-16 18:29:36', '2019-10-17 13:45:52', '4dc9183f19b80cae24fccdba7b2797e9.jpeg', 0),
(249, 'Bhanushee Saini', 'Vir Singh Saini', '2001-11-30', 'B.Tech', 'Biotechnology', '4004/19', '0', 2019, 'H.No. 118 Apna Vihar Kunjwani J&K', 'student_accomp', 132, '2019-10-16 18:30:24', '2019-10-17 13:45:52', 'f529c87e858efec23682eddd6b36799a.jpg', 0),
(250, 'AMARJEET SINGH', 'NARINDER SINGH', '1985-06-15', 'NA', 'NA', 'NA', 'NA', 2003, 'H NO 11 VISHKARMA GALI SUDARSHAN NAGAR SULTANWIND ROAD AMRITSAR', 'accomp', 150, '2019-10-16 18:30:34', '2019-10-17 13:45:52', '1efd1d8c5189b084de8046bd1be83d56.jpg', 0),
(251, 'AMARDEEP SINGH', 'HARBHAJAN SINGH', '1986-10-08', 'NA', 'NA', 'NA', 'NA', 2004, 'H NO 4361/35, GALI NO 07, KOT BABA DEEP SINGH, SULTANWIND ROAD AMRITSAR', 'accomp', 150, '2019-10-16 18:34:06', '2019-10-17 13:45:52', 'fe20215950845c2dac8602e294164b0a.jpg', 0),
(252, 'GURSEWAK SINGH', 'HARBANS SINGH', '1999-01-05', 'B.TECH 7TH', 'CSE', '1609067', '1609067', 2016, 'VPO PITHO, SIDHU PATTI,BATHINDA', 'participant', 150, '2019-10-16 18:41:20', '2019-10-17 13:45:52', '5b83ce21dd0e432649812e8c5a1170e6.jpg', 0),
(253, 'Simran Badgal', 'Balbir Chand', '2001-05-31', 'B.Tech', 'CSE', '1098/19', '', 2019, 'H No. 121 Hari Vihar Langar Kunjwani J&K', 'participant', 132, '2019-10-16 18:57:44', '2019-10-17 13:45:52', '5c1a55cc3de8f2565345c8b7eacf422f.jpg', 0);
INSERT INTO `students` (`id`, `name`, `father_name`, `date_birth`, `class`, `branch`, `roll_number`, `university_registration`, `year_of_passing`, `address`, `participating_as`, `accomp_id`, `created_at`, `updated_at`, `student_photo`, `printed`) VALUES
(254, 'Sahil', 'Chaman Lal', '2000-01-26', 'B.Tech', 'Mechanical', '2032/18', '1801388', 2018, 'H No. 676 Ward No. 7 Gandhi Nagar Batala Punjab', 'participant', 132, '2019-10-16 18:59:56', '2019-10-17 13:45:52', '8c49c1a6d790c66fd58f210fe5b3f04d.jpg', 0),
(255, 'Anil Kumar', 'Sukh Dev Singh', '1999-02-28', 'B.Tech', 'CSE', '1018/18', '1801227', 2018, 'P.O Narot Jaimal Singh Tehsil/Distt. Gurdaspur Punjab', 'participant', 132, '2019-10-16 19:02:52', '2019-10-17 13:45:52', 'daec62082e43ae1b6df403a1663cee70.jpg', 0),
(256, 'JASKARAN SINGH', 'GURPINDER SINGH', '1997-12-23', 'BSc 7th sem', 'Agriculture', '1635710', '1635710', 2016, 'Hno. 622, Housefed complex, New Amritsar', 'participant', 173, '2019-10-16 21:08:32', '2019-10-17 13:45:52', 'b00f9d43866833e2fa29e2d3fff88868.JPG', 0),
(257, 'ABHISHEK SEHDEV', 'JATINDER KUMAR', '1999-02-28', 'BCA 3rd sem', '', '1832751', '1832751', 2018, 'Hno. F9/2467, Guru Nanak Nagar, Majitha road, Amritsar', 'participant', 173, '2019-10-16 21:14:20', '2019-10-17 13:45:52', '997af4eee07c2259e89ef4a90886bbb6.jpg', 0),
(260, 'Love', 'balbir raj', '1999-04-16', 'btech', 'cse', '1048/17', '1702002', 2017, 'v.p.o kalichpur , distt  gurdaspur ,punjab pin code -143531', 'participant', 132, '2019-10-16 21:16:23', '2019-10-17 13:45:52', 'fc5a66f55663296cbdfd8b5e10d03679.jpeg', 0),
(262, 'MEENAKSHI', 'GOBIND PAL', '1999-06-30', 'Bsc', 'Agriculture', '1635723', '1635723', 2016, 'VILL- RAVWAL, PO-DNN,DISTT- GURDASPUR', 'participant', 173, '2019-10-16 21:17:47', '2019-10-17 13:45:52', '3e942792809e838edb9c5252657ca1f7.jpg', 0),
(263, 'Simranjit Singh', 'Jagmeet Singh', '1998-01-10', 'btech', 'cse', '1115/16', '1601633', 2015, 'h.no 1493 ,Sahnewal road Dehlon distt \r\nludhiana punjab ,141118', 'participant', 132, '2019-10-16 21:19:55', '2019-10-17 13:45:52', '20a6ea554b698a39284e73500ed7e278.jpeg', 0),
(264, 'MINAKSHI', 'KULDEEP RAJ', '1999-03-02', 'Bsc 7th sem', 'Agriculture', '1635725', '1635725', 2016, 'VILL-JAGATPUR, PO-JAKHOLARI, DISTT-PATHANKOT', 'participant', 173, '2019-10-16 21:20:22', '2019-10-17 13:45:52', '05a5e2827307d68cfdeb15991ee75ef0.jpg', 0),
(265, 'Fateh Singh', 's. Gurdev Singh', '1998-10-06', 'btech', 'civil', 'L 7060/17', '1801468', 2018, 'd6/664 main chownk  kot khalsa amritsar punjab', 'participant', 132, '2019-10-16 21:24:07', '2019-10-17 13:45:52', 'ad441d805f741189af931eb0e14754bc.jpg', 0),
(268, 'AMRITPREET SINGH', 'BALJEET SINGH', '1998-11-08', 'BSc 3rdsem', 'Agriculture', '1832765', '1832765', 2018, 'JANDIALA GURU,AMRITSAR', 'participant', 173, '2019-10-16 21:27:03', '2019-10-17 13:45:52', '614d108f3f489172e4d41845333eab5b.jpg', 0),
(269, 'MANBEER SINGH', 'NAVJOT SINGH', '1999-11-23', 'BCA 3rd sem', 'Agriculture', '1832780', '1832780', 2018, 'OLD KOTHI S.D.M, GT ROAD, BATALA', 'participant', 173, '2019-10-16 21:29:46', '2019-10-17 13:45:53', 'e07bdf05f1068eb5823b59b12621d2ca.jpg', 0),
(270, 'BANIT SALWAN', 'ASHWANI KUMAR', '1998-12-03', 'BCA 3rd sem', '', '1832752', '1832752', 2017, 'HNO. 1922/18, STREET NO.1, GOPAL NAGAR MAJITHA ROAD, AMRITSAR', 'student_accomp', 173, '2019-10-16 21:31:56', '2019-10-17 18:52:05', '522273c3f8ebf7449fdeacd00ec2f735.jpg', 0),
(271, 'HARSIMRAN SINGH', 'SANDEEP SINGH', '1999-02-19', 'BSc 3rdsem', 'Agriculture', '1832774', '1832774', 2017, 'VILL-DADUJODH, PO-FATEHGARH CHURIAN', 'accomp', 173, '2019-10-16 21:36:04', '2019-10-17 13:45:53', '46ee0b28d2271a95cd5e7ce0e80f30e9.jpg', 0),
(272, 'Hirdeypal Singh', 'Gurwinder Singh', '2000-03-12', 'btech', 'Mech.', '2026/17', '1702147', 2017, 'House no.123 ward no.1 near police station dera road Fatehgarh Churian distt.GSP', 'participant', 132, '2019-10-16 21:37:55', '2019-10-17 13:45:53', '9b0b6a0d3893db5025d70118d096255f.jpeg', 0),
(273, 'MEHAKDEEP SINGH', 'MANJIT SINGH', '2000-08-12', 'BSc 3rdsem', 'Agriculture', '1832787', '1832787', 2018, 'NEAR KHOKHAR PETROL PUMP, BATALA ROAD, QADIAN', 'student_accomp', 173, '2019-10-16 21:39:41', '2019-10-17 13:45:53', '63fed80592f144a10bfb3a4f83724b8c.jpg', 0),
(274, 'Lovepreet Singh', 'Angraj Singh', '2000-01-14', 'b.sc', 'Agriculture', '8029/18', '1819706', 2018, 'vill-jogar  Distt./Teh.-pathankot', 'participant', 132, '2019-10-16 21:45:18', '2019-10-17 16:56:01', '8c10b43e184e2b4199820d43796edda4.jpeg', 0),
(275, 'Noblepreet singh', 'Gurpreet singh', '2000-02-08', 'btech', 'cse', '1067/17', '1702021', 2017, 'green avenue bathwala road gurdaspur', 'participant', 132, '2019-10-16 21:51:48', '2019-10-17 13:45:53', '78e99a147afad937982e4cdbe398b5f1.jpg', 0),
(276, 'Atul sharma', 'Davinder kumar', '2000-06-18', 'B.sc', 'Agriculture', '', '0', 2019, 'Mukerian', 'participant', 132, '2019-10-16 21:55:04', '2019-10-17 13:45:53', '78494c22452a17e4358526321f96e6ef.jpg', 0),
(277, 'Reshav Thakur', 'Kehar Singh', '1998-06-30', 'B.Tech', 'CSE', '1635502', '1635502', 2016, '8b, Kabir Park, Amritsar, Punjab', 'participant', 171, '2019-10-16 22:37:00', '2019-10-17 13:45:53', 'd32fa4d8865d10de0f0ca6e9876cefd5.jpeg', 0),
(278, 'PRASHANT PANDEY', 'PRADEEP KUMAR', '2000-06-07', 'BCA', '', '1733575', '1733575', 2017, 'HNo. 515, VPO GUNTALO, AMRITSAR', 'participant', 173, '2019-10-16 22:39:30', '2019-10-17 13:45:53', '8e26a4e95a8b3b465002a8fca6b6bf1c.jpg', 0),
(279, 'Baljinder Singh', 'Jagjiwan Singh', '1999-08-01', 'B.Tech', 'Mechnical', '1731671', '1731671', 2017, 'H.No.182,Katra atma Singh Gali, Cinema Road, BATALA.', 'participant', 171, '2019-10-16 22:39:48', '2019-10-17 13:45:53', '23ce188ba9459b91e1102fddfabcdf0c.jpeg', 0),
(280, 'Parminder Singh', 'Jagtar Singh', '1998-08-27', 'B.Tech', 'CSE', '1635499', '1635499', 2016, 'House no. e4/1774 azad road nagar nehru park chheharta ASR', 'participant', 171, '2019-10-16 22:58:57', '2019-10-17 13:45:53', '8e4e9bc45d42ba8bc54e692272624486.jpeg', 0),
(281, 'Ramanpreet Singh', 'Amarjit Singh', '1999-03-17', 'B.Tech', 'CSE', '1733439', '1733439', 2016, 'Village sukala  \r\nP. O. Kishankot\r\nDistt :Gurdaspur \r\nTehsil:Batala', 'participant', 171, '2019-10-16 23:05:02', '2019-10-17 13:45:53', '0588e06e5b0a121d3721d17befef542c.jpeg', 0),
(282, 'Gaurav Dadwal', 'Pushvinder Singh', '1998-11-18', 'B.Tech', 'CSE', '1635493', '1635493', 2016, '24shori Nagar old chungi near GNDU Amritsar', 'participant', 171, '2019-10-16 23:17:34', '2019-10-17 13:45:53', 'fe8498ba3acadfb31bcdc4f6d28be82b.jpeg', 0),
(283, 'RUPALI', 'DES RAJ', '1999-08-17', 'Btech 3rd sem', 'CSE', '1807333', '1807333', 2018, 'Hno. 30, BASANT VIHAR GALI NO. 1 NEAR JAGDEV GAS GODOWN, KHANDWALA', 'participant', 150, '2019-10-16 23:19:00', '2019-10-17 13:45:53', 'a8242ad416a2d08e0a29a25e0390fa67.jpg', 0),
(284, 'PALWINDER SINGH', 'SUKHWANT SINGH', '1989-08-30', 'NA', 'NA', 'NA', 'NA', 2003, 'VPO RAMDAS, TEH-AJNALA, DISTT-AMRITSAR', 'accomp', 150, '2019-10-16 23:22:10', '2019-10-17 13:45:53', 'b09f5bbe807fbb2e7cc1cfa545dbe6a4.jpg', 0),
(285, 'Kuldeep Singh', 'Balbir Singh', '1995-08-15', 'B.Tech', 'Mechnical', '1731674', '1731674', 2017, 'vill chuhar chak, Po Naushera majja Singh.   District Gurdaspur.', 'participant', 171, '2019-10-16 23:23:14', '2019-10-17 13:45:53', '4050b7899fe025be5b354f3af893be4e.jpeg', 0),
(286, 'SHIVANI FOTRA', 'SH. PRITHI PAUL', '1999-08-08', 'Btech 5th sem', 'CSE', '1708564', '1708564', 2017, 'WARD NO.5 NAGRI POUOLE, KATHUA, JAMMU', 'participant', 150, '2019-10-16 23:25:05', '2019-10-17 13:45:53', '03899dddaf12f9ea870396da76279818.jpg', 0),
(287, 'GURSIMRAN KAUR', 'JASBIR SINGH', '1998-12-23', 'Btech 5th sem', 'CSE', '1708557', '1708557', 2017, 'VPO KHANKOT AMRITSAR, BLOCK - VERKA', 'participant', 150, '2019-10-16 23:27:34', '2019-10-17 13:45:53', '276e84a263dfaef1e1ec2488c49a493d.jpg', 0),
(288, 'GURLEEN KAUR', 'GAGANDEEP SINGH THIND', '2000-11-28', 'Btech 3rd sem', 'CSE', '1807309', '1807309', 2018, 'Hno.171, NAGINA AVENUE, MAJITHA ROAD, AMRITSAR', 'participant', 150, '2019-10-16 23:29:40', '2019-10-17 13:45:53', '6af04e83ba2c0842292e5808c14f2d5e.jpg', 0),
(290, 'NAVPREET KAUR', 'MAJOR SINGH', '1998-12-13', 'Btech 7th sem', 'CSE', '1608966', '1608966', 2016, 'VPO DHAUL KALAN, RAM TIRATH ROAD, AMRITSAR', 'participant', 150, '2019-10-16 23:36:35', '2019-10-17 13:45:53', '41570915b3d67107f1384d142c9ebae4.jpg', 0),
(291, 'PAWANDEEP KAUR', 'JASBIR SINGH', '1998-06-06', 'BTECH 7TH SEM', 'ECE', '1609029', '1609029', 2016, 'VPO.SINGHPURA,TEH.DERA BABA NANAK ,DISTT.GURDASPUR(143604)', 'participant', 150, '2019-10-16 23:40:32', '2019-10-17 13:45:53', '7798dbf497bdd3506f5cf5c1008b4ac8.jpg', 0),
(292, 'ABHILASHA RANI', 'JASWANT RAJ', '2000-03-26', '5 SEM', 'CSE', '1003/17', '1701957', 2017, 'R/O JAR ABTAL P/O RAMGARH DISTRICT SAMBA JAMMU &KASHMIR', 'participant', 132, '2019-10-16 23:41:14', '2019-10-17 13:45:53', 'a75a3a04ab9d1fcadf47626d55f196f6.jpg', 0),
(293, 'ARPANA MAHAJAN', 'ASHWANI KUMAR', '2000-03-30', '5 SEM', 'CSE', '1018/17', '1701972', 2017, 'VPO DORANGLA DISTRICT GURDASPUR', 'participant', 132, '2019-10-16 23:42:48', '2019-10-17 13:45:53', 'd449d5d7fee3d1b687dee068aca3fc14.jpg', 0),
(294, 'DAVINDER PAL CHAND', 'GURNAM CHAND', '1998-11-12', 'BTECH  7TH SEM', 'CE', '1608909', '1608909', 2016, 'VILL.BOGARH WADALA,DISTT.GURDASPUR-143526', 'participant', 150, '2019-10-16 23:46:35', '2019-10-17 13:45:53', '1f9b6fa8b6a305cf4ab3e1b3043e2afd.jpg', 0),
(295, 'AMRITPAL SINGH', 'PUSHPINDERJIT SINGH', '1998-05-28', 'Btech 5th sem', 'ECE', '1708556', '1708556', 2017, 'Hno.56, SHAMSHER NAGAR, KHONDWALA, AMRITSAR', 'participant', 150, '2019-10-16 23:48:07', '2019-10-17 13:45:53', '95eb2e999b398bc17f14f851a0be0892.jpg', 0),
(296, 'RIMPY SHARMA', 'SANJEEV KUMAR', '1999-12-03', 'BTECH  7TH SEM', 'CSE', '1608977', '1608977', 2016, 'VILLAGE  LODHI MAJRA,ROPAR', 'participant', 150, '2019-10-16 23:50:51', '2019-10-17 13:45:53', '5cbee442569bf5658e14066752ed4796.jpg', 0),
(297, 'MANAT KUMAR', 'NARINDER KUMAR', '1998-08-12', '7TH', 'ME', '2067/16', '1601783', 2016, 'VPO MAROTHI  TEHSIL CHENANI UDAMPUR JAMMU & KASHMIR', 'participant', 132, '2019-10-17 00:01:47', '2019-10-17 13:45:53', '3572d0a2ea527987bb33890a444d3acd.jpeg', 0),
(299, 'Prateek Singh Saini', 'Raghubir Singh Saini', '2001-01-25', 'B.Tech', 'CSE', '1074/19', '', 2019, 'House no. 112-A , ward no. 27 , Mohalla Gandhi Nagar,  Gali no. 6 , Pathankot', 'participant', 132, '2019-10-17 00:20:38', '2019-10-17 13:45:53', '1a9a80c99b25dc018c2b6f49bf24237e.jpg', 0),
(300, 'ARSHDEEP KAUR', 'S.HARPREET SINGH', '1999-03-08', '5 SEM', 'CIVIL', '7011/17', '1702295', 2017, 'VPO KHAJOLA ,GURDASPUR', 'participant', 132, '2019-10-17 00:44:42', '2019-10-17 13:45:53', '72376e3590fd0449a8c9fa3896239304.jpg', 0),
(301, 'ABHINAV JOSHI', 'JOGINDER PAL', '1998-09-11', '7TH', 'CIVIL', '7001/16', '1601949', 2016, 'A.C MEDICAL AGENCIES , MAIN MARKET TALWARA TEHSIL - MUKERIAN DISTRICT HOSHIARPUR', 'participant', 132, '2019-10-17 00:48:41', '2019-10-17 13:45:53', '139a1cf407f9a8936718affa6dd06f2e.jpg', 0),
(302, 'SHIVANI', 'VIJAY KUMAR', '2000-11-14', '3 SEM', 'CSE', '1091/18', '1801301', 2018, 'P O PANIAR TEHSIL GURDASPUR JAHANGIRPUR', 'student_accomp', 132, '2019-10-17 00:53:05', '2019-10-17 13:45:53', '3696acc87ddd110b30c03026ece4fee7.jpeg', 0),
(303, 'Jeevan Joyti', 'Pritam Singh', '1977-10-25', '', '', '', '0', 1996, 'House number 225 Berian Mohalla p/o Dinanagar Tehsil Gurdaspur', 'accomp', 132, '2019-10-17 00:54:22', '2019-10-17 13:45:53', 'e62017b4a18c30e6779554afd4a8f9d0.jpeg', 0),
(304, 'RAJ KAMAL', 'KAMALJIT SINGH', '2000-03-27', '3 SEM', 'CSE', '1072/18', '1801281', 2018, 'H.N- 209 WARD NO 10 TRIMU ROAD GURDASPUR', 'participant', 132, '2019-10-17 00:56:22', '2019-10-17 13:45:53', '5fd3f7a09f20a7225d79ea0dae8b6d5d.jpeg', 0),
(305, 'NITESH', 'NARINDER SINGH', '1998-01-01', '7TH', 'ME', '2077/16', '1601793', 2016, 'S/O NARINDER  SINGH VPO BAMIAL , TEHSIL AND DISTRICT PATHANKOT BAMIAL GURDASPUR', 'participant', 132, '2019-10-17 01:03:35', '2019-10-17 13:45:53', 'f326b82d4e1c5999fa667ce7e1691c04.jpeg', 0),
(306, 'SHIVANI SHARMA', 'PAWAN KUMAR', '2001-01-20', '3 SEM', 'CSE', '1801302', '1801302', 2018, 'VILLAGE BAINGLAR POST OFFICE PANGDOUR DIST SAMBA JAMMU & KASHMIR', 'participant', 132, '2019-10-17 01:07:52', '2019-10-17 13:45:53', '9f4d6a48eed0c10038638c7412018466.jpg', 0),
(307, 'PARAS  BHATIA', 'DINESH KUMAR', '1998-01-19', '7TH', 'ME', '2079/16', '1601795', 2015, 'T3 49 RSD COLONY SHAHPUR KANDI TOWN  JUGIAL PATHANKOT', 'participant', 132, '2019-10-17 01:18:08', '2019-10-17 13:45:53', '6d3b16653a5cc88d83c4c345276ec057.jpg', 0),
(308, 'MANAS RANDEV', 'RAVI SHARMA', '1997-03-10', '7', 'CIVIL', '7024/16', '1601962', 2016, 'H.N0-357/13 JAIL ROAD TARA CHAND MARKET GURDASPUR', 'participant', 132, '2019-10-17 01:26:10', '2019-10-17 14:49:38', '0701101c59b9bb24805d46f92c2b4af5.jpeg', 0),
(309, 'VIREN KAUSHAL', 'SANJEEV  KAUSHAL', '1999-07-02', '5 SEM', 'ECE', '5028/17', '1702094', 2017, 'VILLAGE GHULLA KHOJEPUR GURDASPUR', 'participant', 132, '2019-10-17 01:31:35', '2019-10-17 13:45:53', '6488343c6a98b1cfebb577bbb2873f38.png', 0),
(310, 'GURPREET SINGH', 'GURSHRAN SINGH', '1998-03-18', '7TH', 'ECE', '5015/16', '1601660', 2016, 'VPO SAHOWAL DITRICT GURDASPUR', 'participant', 132, '2019-10-17 01:34:48', '2019-10-17 13:45:53', 'c75e4f3f83d4eae39f87b78f30491ce3.jpg', 0),
(311, 'MALIKA', 'SURESH KUMAR', '1999-03-05', '7TH', 'CHEMICAL', '3010/16', '1601505', 2016, 'H.NO-366 BHADROYA ROAD SHASTRI NAGAR PATHANKOT', 'participant', 132, '2019-10-17 01:51:07', '2019-10-17 13:57:02', '0023a36ca703d9711d00b9c5b4aa9eb7.jpeg', 0),
(312, 'SIMRANJIT KAUR', 'KULDEEP SINGH', '1998-09-15', '1', 'CIVIL', '---', '----', 2016, 'GHLARAN , TRANGLIAN  HOSIARPUR', 'participant', 132, '2019-10-17 01:56:00', '2019-10-17 13:45:53', '6b65e9198224358ab3ef962a6fead7be.jpeg', 0),
(313, 'SAKSHAM THAKUR', 'SANDEEP KUMAR', '1998-09-15', '7TH', 'CIVIL', '7049/16', '1601997', 2016, 'WARD NO-6 VPO BADAERA (199) UNA HIMACHAL PRADESH', 'participant', 132, '2019-10-17 02:01:33', '2019-10-17 13:45:53', 'cf9b7f77b84d830ce5df62db77a670e1.jpeg', 0),
(314, 'KARAMVEER SINGH', 'GURNAM SINGH', '1996-05-08', '5 SEM', 'CIVIL', '7033/17', '1702317', 2015, 'DANDHAL GURDASPUR', 'participant', 132, '2019-10-17 02:11:35', '2019-10-17 13:45:53', 'e8d7ca4bde746442167735bf1ae2bcef.jpeg', 0),
(315, 'KHADIM HUSSAIN', 'MOHD ISMAIL', '1997-08-01', '7TH', 'CIVIL', '7020/16', '1601968', 2015, 'KAKO SHILIKCHEY KARGIL,LADAKH', 'student_accomp', 132, '2019-10-17 02:17:14', '2019-10-17 13:45:53', '3932e63d9d6f09303f4dafab0c3388ce.jpg', 0),
(316, 'Bhavik', 'Rattan Chand', '1999-02-09', 'B.Tech', 'CE', '7005/18', '1801441', 2018, 'VPO Dholowal tehsil Pathankot , via Dinanagar ,Paharo chak, Gurdaspur', 'participant', 132, '2019-10-17 02:18:02', '2019-10-17 13:45:53', 'cce8220c31e379bd48fd53c3fa49e17e.jpg', 0),
(317, 'ALEXJEET SINGH  PATHANIA', 'RANBIR  SINGH', '1998-04-04', '7', 'ME', '2010/16', '1601726', 2016, 'VPO KAROLI  TEHSIL/DISTRICT PATHANKOT', 'participant', 132, '2019-10-17 02:20:32', '2019-10-17 13:45:53', '5f7fd207ebb672cb0d67643fe89edb94.jpeg', 0),
(318, 'AYUSH SHANOO KUMAR', 'PRADEEP KUMAR', '1999-07-25', '5 SEM', 'CHEMICAL', '3002/17', '1701947', 2017, 'GRAM SUGUNU  MADU VANI BIHAR', 'participant', 132, '2019-10-17 02:24:02', '2019-10-17 13:45:53', '84053c2f28432b6ff5f038e39b495634.jpg', 0),
(320, 'KOMAL', 'KEWAL KUMAR', '2001-06-10', '1', 'CSE', '1046/18', '1801255', 2019, 'PATHANKOT', 'participant', 132, '2019-10-17 02:33:47', '2019-10-17 13:45:53', '197081e285a65288393f0cb0cf91625d.jpg', 0),
(322, 'Dheeraj Kumar', 'Ramesh Kumar', '2000-02-08', 'btech', 'cse', '1031/18', '1801240', 2018, 'vill mattmi jail road gurdaspur', 'participant', 132, '2019-10-17 10:53:48', '2019-10-17 13:45:54', '87f897a24e26fad501648171d76be98a.jpg', 0),
(323, 'Raghav Arora', 'Mukesh Arora', '2001-05-29', 'Btech', 'Civil', '', '1800142', 2018, 'house n0-503,Mohalla Valmiki,Inside Katra Khazna,Amritsar', 'participant', 147, '2019-10-17 10:55:43', '2019-10-17 13:45:54', 'ac176f0f05997b68f2b3479a514e2296.jpg', 0),
(324, 'RUPESH KUMAR', 'GIRDHARI LAL', '1991-08-18', '', '', '', '0', 2000, 'H.NO. B-1/272, MAHASHA  COLONY,  MAQSUDAN,  JALANDHAR', 'accomp', 100, '2019-10-17 11:01:30', '2019-10-17 13:57:23', '595c97c14dbf71ac643fe13ef59b8f99.jpeg', 0),
(325, 'Aklesh Saroop', 'Jagdish Raj', '2000-01-01', 'btech', 'Mech.', '2009/16', '1601725', 2000, 'vil . banthanwala , p/o dodwan ,distt gurdaspur', 'participant', 132, '2019-10-17 11:02:32', '2019-10-17 13:45:54', 'efed09a667ac31126d06fe45c9c615e8.jpeg', 0),
(326, 'SOM BAHADUR', 'RAM BAHADUR', '1995-12-27', '', '', '', '0', 2000, '543/4, BHAGAT SINGH  COLONY,  JALANDHAR', 'accomp', 100, '2019-10-17 11:06:13', '2019-10-17 13:57:23', '1a7d14be679b067301bca1f1debe233a.jpeg', 0),
(328, 'Perwinkle Katnour', 'Kuldip Singh', '2000-10-21', 'btech', 'it', '6011/19', '0', 2019, 'vill raichak ,dasuya', 'participant', 132, '2019-10-17 11:07:09', '2019-10-17 13:45:54', 'e184f4aa67315178b0cdd7f02c8811a8.jpg', 0),
(329, 'SUBHASH KUMAR', 'LEKH RAJ', '1987-03-15', '', '', '', '0', 2000, 'H.NO. B1/278, JINDA ROAD, MAHASHA  COLONY,  MAQSUDAN,  JALANDHAR', 'accomp', 100, '2019-10-17 11:08:58', '2019-10-17 13:57:23', '425493a22281a0ab59b5ecb18911c802.jpeg', 0),
(330, 'SUBHASH CHANDER', 'JOGINDER PAL', '1986-08-10', '', '', '', '', 2000, 'H.NO.  30, NEW SITAL  NAGAR,  JALANDHAR', 'accomp', 100, '2019-10-17 11:13:11', '2019-10-17 13:57:23', '0acf32926ced1187e11b04431336e615.jpeg', 0),
(331, 'Sharanjot singh', 'Sr. Surjit Singh', '1999-11-21', 'btech', 'cse', '1091/17', '1702044', 2017, 'bcet Gurdaspur', 'student_accomp', 132, '2019-10-17 11:14:13', '2019-10-17 13:45:54', 'df057032eebcfbd4bddd9f480edea448.jpeg', 0),
(335, 'Manjeet Singh', 'Kashmir Singh', '1996-12-06', '', '', '', '0', 2012, 'dhariwal teh. gurdaspur', 'participant', 132, '2019-10-17 11:20:49', '2019-10-17 13:45:54', 'ebb6df03657fc9a98104245cf4006406.jpeg', 0),
(336, 'Rajesh', 'Ramesh', '1993-04-12', '', '', '', '0', 2000, 'rania, dhariwal, teh gurdspur', 'accomp', 132, '2019-10-17 11:22:36', '2019-10-17 13:45:54', '37c5cfe61f59b9f3fda6d44a5371eba6.jpeg', 0),
(337, 'MANSI SHARMA', 'HARJIT SHARMA', '2001-07-23', 'Btech 1st sem', 'CSE', '117', '0', 2019, 'Hno. 148, SHIV NAGAR COLONY, ISLAMABAD, AMRITSAR', 'participant', 150, '2019-10-17 11:22:45', '2019-10-17 13:45:54', '03eb584d065a99a7a4959cbb01fba682.jpg', 0),
(342, 'BABENJEET KAUR KANG', 'HEERA SINGH', '1998-08-18', 'BCA 5th sem', '', '1733569', '1733569', 2017, 'Hno. 25 A PREET AVENUE OPPSITE SPRING DALE FGC ROAD AMRITSAR', 'participant', 173, '2019-10-17 11:36:35', '2019-10-17 13:45:54', '359da64c55c6d2ac6cfd872e49edd59b.JPG', 0),
(343, 'BHUPINDER SINGH', 'SATWANT SINGH', '2000-03-01', 'BCA 5th', '', '1733570', '1733570', 2017, 'HNO. 151 ASHOK VIHAR, VPO- MAHA RAM TIRATH ROAD, AMRITSAR', 'participant', 173, '2019-10-17 11:40:13', '2019-10-17 13:45:54', '863b45594922e65ad8afc470c4d94dd6.JPG', 0),
(344, 'URVASHI ADIWAL', 'KAMALJIT ADIWAL', '1999-10-27', 'BCA 5th sem', '', '1733581', '1733581', 2017, 'HNO.42 E NIRANKARI COLONY, FGC ROAD, AMRITSAR', 'participant', 173, '2019-10-17 11:42:48', '2019-10-17 13:45:54', '8ef78a1fa65084a92c1d893a1b090069.JPG', 0),
(345, 'Vaibhav tripathi', 'R.K.Tripathi', '1999-08-27', 'Btech', 'CSE', '', '170139', 2017, 'Room No-502,Boys hostel,ACET,amritsar', 'participant', 147, '2019-10-17 11:55:09', '2019-10-17 13:45:54', 'f68769bd3d6974b4a39b81096d4149cf.jpg', 0),
(346, 'TATHAGAT SAH', 'KAMESHWAR SAH', '2000-10-23', 'B.Tech ( 1 SEM )', 'BIOTECH', '', '0', 2019, 'S/O KAMESHWAR SAH, CHUHARI,\r\nWARD NO-09, THANA-CHANPATIA,\r\nCHAUHARI, WEST CHAMPARAN,\r\nBIHAR-845450', 'student_accomp', 132, '2019-10-17 11:57:32', '2019-10-17 13:45:54', '988af2ad36bbe39baf98d510d077b3c0.jpeg', 0),
(348, 'JYOTI', 'LAL BABU GUPTA', '1997-01-27', 'B.TECH 7TH SEM', 'CSE', '1608957', '1608957', 2016, 'VILLAGE PANJ DHERA JAGATPURA, PHILLAUR, JALANDHAR', 'participant', 150, '2019-10-17 12:08:07', '2019-10-17 13:45:54', '311461337a08a3a4be4e1ea56691f130.jpg', 0),
(349, 'Bipasha Sharma', 'Sunil Kumar', '2002-10-03', 'BETCH', 'CSE', '1030/19', '0', 2019, 'vill-jaswal lahri, p/o sarna, distt-pathankot', 'participant', 132, '2019-10-17 12:18:22', '2019-10-17 13:45:54', '57d5f86d24025b758885b6a033634cd8.jfif', 0),
(350, 'VEDHANT BHARDWAJ', 'NARESH BHARDWAJ', '2001-07-13', 'B.Tech ( 1 SEM )', 'CSE', '1109/19', '0', 2019, 'S/O NARESH BHARDWAJ, H NO.-13\r\nNEAR SARASWATI SCHOOL, MOHALLA\r\nSAHIBZADIAN, PATHANKOT,\r\nPUNJAB-145001', 'participant', 132, '2019-10-17 12:20:33', '2019-10-17 13:45:54', 'b083c93153c6e6a7b88770b787c9e55b.JPG', 0),
(351, 'NAVREEN KAUR', 'GURBHEJ SINGH', '2001-09-20', 'B.COM 1ST SEM', 'COMMERCE', '', '0', 2019, 'JANDIALA ROAD,TARN TARAN', 'participant', 164, '2019-10-17 12:29:28', '2019-10-17 13:45:54', '64881c55a88451f5bc981a862515ad81.jpg', 0),
(352, 'ABHISHEK KUMAR JHA', 'BHAB NATH JHA', '1998-05-26', 'B.Tech ( 5 SEM )', 'MECH', '2004/17', '1702125', 2016, 'VPO - MAGHAUL DISTT. MADHUBANI , BIHAR', 'participant', 132, '2019-10-17 12:41:33', '2019-10-17 13:45:54', 'c17487b7f1bf3bebdfbe5dd4335f1904.jpeg', 0),
(354, 'Manjot Kaur', 'Harwant Singh', '2001-04-30', 'B.Tech', 'c.s.e', '1060/19', '', 2019, 'Bjli Wal , Sarwali Gurdaspur, Punjab', 'participant', 132, '2019-10-17 12:48:09', '2019-10-17 16:10:47', '334181f6b7f4b53f31651249ff97d4e7.jpeg', 0),
(355, 'Paras Arora', 'Gagan Arora', '1999-11-08', 'BBA', '', '1718261', '1718261', 2017, '13 Adarsh Nagar near Seenpura Chowk, Kapurthala', 'participant', 109, '2019-10-17 12:53:30', '2019-10-17 13:45:54', '2bb8b89c0695790ef2a47aae01d3df10.png', 0),
(356, 'HEENA', 'PAWAN KUMAR', '2000-09-23', 'BSC (2 YR)', 'AGRICULTURE', '8017/18', '1819694', 2018, 'D/O: PAWAN KUMAR, KRISHNA GALI,\r\nDINANAGAR, GURDASPUR, DINANAGAR,\r\nPUNJAB-143531', 'participant', 132, '2019-10-17 12:54:49', '2019-10-17 13:45:54', 'ac4befdd01cc7fed17738857c979c3b6.JPG', 0),
(357, 'KUSHANK KWAL', 'RAJ KUMAR', '1996-10-04', 'B.Tech', 'Mechanical', '2032/17', '1702153', 2017, 'H No. 899  Faridabad, Haryana', 'participant', 132, '2019-10-17 13:00:12', '2019-10-17 13:45:54', '79c63e132cfc9b489fb9f4b58ffb0a5c.jpeg', 0),
(358, 'Ranveer Sharma', 'Vijay Kumar', '1998-09-16', 'B.Tech', 'Biotechnology', '', '0', 2017, 'V/P.O Rayya Mata Rani, Baba Bakala Amritsar, Punjab', 'participant', 132, '2019-10-17 13:03:13', '2019-10-17 13:45:54', '736333b437ab26f3eaac43220a75b83b.jpg', 0),
(359, 'Sonu Kumar Singh', 'Swaliya Singh', '2000-04-20', 'B.COM', '', '19805', '0', 2019, 'H.No. - 1047/1 Lamba pind , Jalandhar', 'participant', 109, '2019-10-17 13:05:18', '2019-10-17 13:45:54', 'c9c8862c4f445eb0e64f33cbc994f8ff.jpg', 0),
(360, 'RAHAT', 'ARUN KUMAR', '1999-01-02', '7TH', 'CSE', '1087/16', '1601605', 2016, 'S C F 4 A  SECTOR 3 TALWARA TOWNSHIP DHAR TALWARA TOWNSHIP , HOSHIARPUR', 'participant', 132, '2019-10-17 13:05:40', '2019-10-17 13:45:54', '2537f3e0d901deca3f6d2f7b638b78fb.jpg', 0),
(361, 'ANMOLDEEP SINGH', 'HARDEV SINGH', '2000-10-27', 'HMCT 1stsem', 'Hotel management', '', '0', 2018, 'NAUSHEHRA PANNUAN,TARN TARAN', 'participant', 164, '2019-10-17 13:12:43', '2019-10-17 13:45:54', 'f599ffcfc6c3bb93d5802cefcdf9253d.JPG', 0),
(363, 'NEHA DEVI', 'RAJ KUMAR', '2000-03-15', 'BTECH 5th sem', 'ECE', '1708561', '1708561', 2017, 'MUTTAL,DISTT-UDHAMPUR, J&K', 'participant', 150, '2019-10-17 13:13:30', '2019-10-17 13:45:54', '640190d8490dd7ffd00a9253546c5cd7.jpg', 0),
(364, 'GURSIMRAN KAUR', 'CHARANJIT SINGH', '2000-10-11', 'BTECH 3rd sem', 'ECE', '302', '', 2019, 'VILL-SEHNSRA KHURD,TEH-AJNALA,DISTT- AMRITSAR', 'participant', 150, '2019-10-17 13:16:48', '2019-10-17 14:04:59', '3b43a045cefa00eedcfdc13174525dae.jpg', 0),
(365, 'Ramneet kaur', 'Kuldeep singh', '1999-05-29', 'BBA', '', '1718264', '1718264', 2017, '247/15 preet nagar, ladowali road, Jalandhar', 'participant', 109, '2019-10-17 13:19:02', '2019-10-17 13:45:54', '196b56ed5d9520c217c3d459397f7ee4.jpg', 0),
(366, 'JASHANPREET KAUR', 'jasbir singh', '2001-03-02', 'BSC (2 YR)', 'AGRICULTURE', '8019/18', '1819696', 2018, 'VILL JIWAN NANGAL P.O SHIKAR TEH. DERA BABA NANAK , GURDASPUR', 'student_accomp', 132, '2019-10-17 13:19:51', '2019-10-17 14:11:57', '3b062a3da307d0f8651f0d573fb68aef.jpeg', 0),
(367, 'MEHAKDEEP KAUR', 'ANGREJ SINGH', '1999-09-07', 'BTECH 3rd sem', 'ECE', '301', '0', 2018, 'VPO-PANDORI WARRAICH,MAJITHA ROAD,AMRITSAR', 'participant', 150, '2019-10-17 13:20:07', '2019-10-17 13:45:54', 'a7ff298bcfd0473864eaf4f3c1cbb8a9.jpg', 0),
(368, 'RANDEEP SINGH', 'BHARPUR SINGH', '1998-08-19', 'B.SC. AGRI', 'AGRICULTURE', '1635745', '1635745', 2016, 'VILLAGE BARKANDI  P.O. GANGA( BATHINDA)', 'participant', 173, '2019-10-17 13:20:18', '2019-10-17 13:45:54', 'ea9bfa52ef4111a234dd0ae90690aacc.jpg', 0),
(369, 'PRABHJEET KAUR', 'RANJIT SINGH', '1999-01-01', 'BTECH 3rd sem', 'CSE', '1807526', '1807526', 2018, 'VPO-BHUCHAR KHURD,DISTT-TARN TARAN', 'participant', 150, '2019-10-17 13:21:48', '2019-10-17 13:45:54', '6b08d45a4add77426968106dbafd9c6d.jpg', 0),
(370, 'KAJAL KAPOOR', 'SHIVKAS KAPOOR', '2000-06-15', 'BTECH 3rd sem', 'CSE', '1801', '0', 2018, 'F20/501,NEW NEHRU COLONY,GALI NO.3A,MAJITHA ROAD AMRITSAR', 'participant', 150, '2019-10-17 13:25:44', '2019-10-17 13:45:54', '1b87e7a8db62fa0f741a142190d3e17c.jpg', 0),
(371, 'PREETI KAUR', 'KASHMIR SINGH', '2000-03-04', 'BTECH 3rd sem', 'CSE', '1807327', '1807327', 2018, 'VPO-BHALLA PIND, TEH-AJNALA,DISTT-AMRITSAR', 'participant', 150, '2019-10-17 13:27:26', '2019-10-17 14:06:36', 'b88ec3948b4fc7cff328c2773c5437de.jpg', 0),
(372, 'ANKIT PATHAK', 'HAV AK PATHAK', '1999-05-02', 'B.Tech', 'CSE', '1019/18', '1801228', 2017, '9/187 L.I.G AVAS VIKAS COLONY,  JHUNSI, ALLAHABAD U.P', 'participant', 132, '2019-10-17 13:27:57', '2019-10-17 13:45:54', '681e724ac2e55bf719779969071862ad.jpeg', 0),
(373, 'ADHITYA RAINA', 'RAKESH RAINA', '1999-02-23', 'B.Tech', 'CSE', '1007/17', '1701961', 2017, 'NEAR LUXMI NARAYAN MANDIR MANWAL BAGH, PATHANKOT, PUNJAB', 'participant', 132, '2019-10-17 13:46:18', '2019-10-17 14:54:45', 'ff4eb2db22fc8c33a338b00719a7b7bc.jpeg', 0),
(375, 'DEVIKA', 'GURNAM SINGH', '1996-10-31', 'MTECH', 'ECE', '1916099', '1916099', 2016, '105 B ASHOK NAGAR MAQSUDAN JALANDHAR', 'participant', 122, '2019-10-17 13:53:32', '2019-10-17 13:53:32', 'f5c98e25adc6cf319bf2757f247e1353.JPG', 0),
(376, 'VIKRANT MAGOTRA', 'YASHPAUL', '1997-06-06', '7 sem (B.tech)', 'CIVIL', '7060/16', '1602008', 2015, 'H.N0-159 SECTOR 1  LOWER ROOPNAGAR JAMMU', 'participant', 132, '2019-10-17 13:54:17', '2019-10-17 16:38:27', 'e20650eb4d15107778626e37c09afba5.jpg', 0),
(377, 'AKASH SHARMA', 'SANJEEV SHARMA', '2000-05-01', 'B.Tech', 'ECE', '5004/17', '1702069', 2017, 'H NO. 396 WARD NO. 10 DEEP NAGAR, SUJANPUR, PATHANKOT, PUNJAB', 'participant', 132, '2019-10-17 13:56:49', '2019-10-17 13:56:49', 'f045e1b42484cb3c9b34635ec2d03703.jpeg', 0),
(378, 'DHARM PAUL', 'KOLA RAM', '1999-01-09', 'B.Tech', 'ECE', '5013/16', '1601658', 2016, 'VILL CHOTTA TALOOR, P.O NAROT JAIMAL SINGH TEHSIL/ DISTT. PATHANKOT, PUNJAB', 'student_accomp', 132, '2019-10-17 14:02:39', '2019-10-17 14:02:39', '5cf8f709f1abc8ad3799d96d0deece0c.jpeg', 0),
(379, 'AKHIL KUMAR', 'RAVI KUMAR', '1999-03-12', 'B.Tech', 'ECE', '5005/16', '1601650', 2016, 'RZR 122A CHANAKYA PLACE DELHI 110059', 'student_accomp', 132, '2019-10-17 14:07:04', '2019-10-17 14:07:04', '15e5bb7aa71ed4a2f8c6da223865cede.jpg', 0),
(380, 'DEEPAK KUAMR SINGH', 'M L DIWAKAR', '1997-11-26', '7TH', 'CSE', '1025/16', '1601543', 2016, 'C/O KULDEEP RAJ LADHO CHACK PATHANKOT', 'student_accomp', 132, '2019-10-17 14:10:47', '2019-10-17 14:10:47', '2badc2b580be4116d93220aba313063d.jpg', 0),
(381, 'PAWAN SINGH', 'KULWANT SINGH', '1997-11-10', '', '', '', '0', 2015, 'TEH. BATALA, DISTT. GURDASPUR , PUNJAB', 'accomp', 132, '2019-10-17 14:12:04', '2019-10-17 14:12:04', 'fca74058a0924919fceea0948e47be07.jpeg', 0),
(382, 'RADHIKA', 'ANMOL RATTAN', '2001-07-03', 'BSC 1st sem', 'Agriculture', 'ID-10078785', '', 2018, 'GAUSHALA ROAD NEAR RAM MANDIR CITY FAZILKA', 'participant', 173, '2019-10-17 14:21:16', '2019-10-17 14:48:41', 'f81b912aafd678ffc3042af9e5676036.jpg', 0),
(383, 'ATIL KUMAR', 'DALBIR SINGH', '1997-09-23', '', '', '', '', 2015, 'NEW ABADI HAYAT NAGAR GURDASPUR, PUNJAB', 'accomp', 132, '2019-10-17 14:21:25', '2019-10-17 14:31:15', 'e3c4773f9e593810ac4f37fab9b510d0.jpeg', 0),
(384, 'Simranjit Kaur', 'Tarsem Singh', '2000-07-18', 'BTech', 'CSE', '1730686', '1730686', 2017, 'V.p.o Hamira Dist Kapurthala .', 'participant', 122, '2019-10-17 14:22:46', '2019-10-17 14:22:46', 'a9a42c3ea74540e033bb7d4b15fba2a9.jpeg', 0),
(385, 'Pratap Narayan', 'Raj Karan', '1999-11-30', 'B.COM. (H)-III', '', '1825253', '1825253', 2017, 'Army Cantt, Somanth Enclave, Amritsar', 'participant', 109, '2019-10-17 14:23:05', '2019-10-17 14:23:05', '84c7a574fae54d01c034c60311907118.jpg', 0),
(386, 'RESHAMBIR SINGH', 'KULDIP SINGH', '1996-03-16', '', '', '', '0', 2014, 'V.P.O RANGAR NANGAL TEH. BATALA, DISTT. GURDASPUR', 'accomp', 132, '2019-10-17 14:23:30', '2019-10-17 14:23:30', '22cedc2f4f1270357f4fbf04ee0250af.jpeg', 0),
(387, 'NAMAN GARG', 'MUNISH GARG', '1998-01-30', '7TH', 'CSE', '1072/16', '1601590', 2016, 'H.NO-225 STREET NO-5 MISSION ROAD PATHANKOT', 'student_accomp', 132, '2019-10-17 14:24:52', '2019-10-17 14:24:52', '5d5ad8b1175a7f09afc8d83cac0a1636.jpeg', 0),
(388, 'Neeraj Kumar', 'Hari Kailash', '1999-08-21', 'BTech', 'CSE', '1730675', '1730675', 2017, 'V.p.o Murar Hamira Dist Kapurthala .', 'participant', 122, '2019-10-17 14:26:03', '2019-10-17 14:26:03', '9fdda737640935eef1add8d0f4d2f89f.jpeg', 0),
(389, 'JASPREET KAUR', 'DARBARA SINGH', '1998-05-17', '7TH', 'CSE', '1014/16', '1601558', 2016, 'V.P.O Saidowal khurd Distt.Gurdaspur', 'student_accomp', 132, '2019-10-17 14:28:58', '2019-10-17 14:28:58', '0b9641520d2ba1a5d5d40bc0653a4805.png', 0),
(390, 'Riya', 'Rakesh Kumar', '1999-07-05', 'BBA', '', '1718267', '1718267', 2017, 'Jagjit Colony near Ravidass Gurudwara, Dakoha', 'student_accomp', 109, '2019-10-17 14:29:07', '2019-10-17 14:29:07', '5373f23d386e2ad41e837a02591c0aac.jpg', 0),
(392, 'GURWINDER KAUR', 'LAKHWINDER SINGH', '1998-12-01', 'BTECH 5th sem', 'CSE', '1708558', '1708558', 2017, 'VILL-MEHOKA POST OFFICE KHANKOT, AMRITSAR', 'participant', 150, '2019-10-17 14:33:34', '2019-10-17 14:33:34', 'bb968abfec932406b17d0dd8889fd794.jpg', 0),
(393, 'Priya', 'Ramesh Kumar', '2000-01-08', 'BTech', 'CSE', '1730678', '1730678', 2017, 'B2750 Gandhi Nagar Jalandhar .', 'participant', 122, '2019-10-17 14:34:23', '2019-10-17 14:34:23', '7e942cf5a8e9e0d73b247c72295a9060.jpeg', 0),
(395, 'CHAHAT', 'SATISH KUMAR', '2001-11-10', '1', 'CSE', '1031/19', '-------', 2019, 'Vill landiyara Po. Sule khad  th. Dada siba dist. Kangra', 'student_accomp', 132, '2019-10-17 14:35:41', '2019-10-17 14:35:41', 'b90ea21f9dd3efe289c59cfaa9e45776.jpeg', 0),
(396, 'Amandeep', 'Darshan Singh', '2001-07-01', 'B.COM.(H)-III', '', '1825236', '1825236', 2018, 'Vill Singha PO Kang Sahbu Distt. Jalandhar', 'participant', 109, '2019-10-17 14:36:25', '2019-10-17 14:36:25', '8394d0a2bb6207ac5665c381b3fab73c.jpg', 0),
(397, 'NITISH', 'HARI KRISHAN JOSHI', '1999-11-01', 'B.SC. 7TH SEM', 'AGRICULTURE', '1635729', '1635729', 2016, 'WARD NO 6, H NO 120., FGC (AMRITSAR)', 'participant', 173, '2019-10-17 14:47:27', '2019-10-17 14:47:27', '62e79e624347804fa75a69947a849a45.jpg', 0),
(399, 'NAVNEET KAUR', 'Ajit Singh', '1997-08-20', 'MBA 3RD SEM', 'MANAGEMENT', '1818276', '0', 2015, 'VPO VAIROWAL,TARN TARAN', 'participant', 164, '2019-10-17 14:57:01', '2019-10-17 14:57:01', '41242056c300a029722ca8710582d581.jpg', 0),
(401, 'Manan Kapoor', 'Suresh kapoor', '1999-11-30', 'B.COM(P)', '', '1718455', '1718455', 2017, '739 kamal vihar near surya enclave, Jalandhar', 'participant', 109, '2019-10-17 14:57:07', '2019-10-17 14:57:07', 'ff07f1d7d79299b039e88d1ea3344858.JPG', 0),
(402, 'PRIYANKA RANI', 'CHANDAN KUMAR', '1998-09-28', 'B.SC.7TH SEM', 'AGRICULTURE', '1635739', '1635739', 2016, 'H NO 7, IDGAH BASTI, ABOHAR', 'participant', 173, '2019-10-17 14:59:16', '2019-10-17 14:59:16', '93f7118b9944afbf1b8ec86fccc4b924.jpg', 0),
(403, 'SUHMA RANI', 'LUBHAYA MASIH', '2000-07-26', 'B.SC.3RD SEM', 'AGRICULTURE', '1832801', '1832801', 2018, 'RANJIT AVENUE, GT ROAD, BATALA', 'student_accomp', 173, '2019-10-17 15:00:59', '2019-10-17 15:01:36', '19b030af2fff8de8b48058117e46ed25.jpg', 0),
(404, 'Gurneem Kaur', 'Daljit singh', '1999-06-22', 'BBA', '', '1825140', '1825140', 2017, '3572/6 sant nagar basti sheikh, Jalandhar', 'participant', 109, '2019-10-17 15:06:01', '2019-10-17 15:06:42', '6dabc51a8c86fb40bfe809bd691182fa.jpg', 0),
(405, 'Sahil Nahar', 'Brij Lal', '1999-11-18', 'B.COM(P)', '', '1718463', '1718463', 2017, 'Mohalla nimma wala, VPO Jamsher khas , dist, Jalandhar', 'participant', 109, '2019-10-17 15:14:04', '2019-10-17 15:14:04', '79dab98d81599a1e8c762bbd3b68a1b4.jpg', 0),
(406, 'Ankit Kala', 'Jagdamba Parsad Kala', '2000-06-04', 'BCA', '', '1718276', '1718276', 2017, '451 B -bhrat nagar, Jalandhar', 'participant', 109, '2019-10-17 15:17:29', '2019-10-17 15:17:29', '2a29f0a3eea41cc62c41481a78a53e71.jpg', 0),
(407, 'Sunny Kapoor', 'Partap Chand', '1998-03-21', 'BCA', '', '1718311', '1718311', 2016, '15 new model town, Jalandhar', 'participant', 109, '2019-10-17 15:21:52', '2019-10-17 15:21:52', '5140b395161d3e9a0c57d126fdc0ec92.JPG', 0),
(409, 'Sonia', 'Ashok Kumar', '1996-01-15', 'BCA', '', '1718304', '1718304', 2017, 'H.no. 607 bhai samund singh nagar , mithapur, Jalandhar', 'participant', 109, '2019-10-17 15:27:01', '2019-10-17 15:27:01', 'd293ee91d7a466b298560027e7891780.jpeg', 0),
(410, 'HARMANDEEP KAUR', 'SARBJIT SINGH', '1993-06-26', 'MBA 3RD SEM', 'MANAGEMENT', '1818270', '0', 2012, 'VPO JODHPUR ,TARN TARAN', 'student_accomp', 164, '2019-10-17 15:28:50', '2019-10-17 15:28:50', '72f65287221b81538e9b88d4b92cd07e.jpg', 0),
(412, 'SIMRANJEET KAUR', 'KULWANT SINGH', '2000-10-18', 'B.Tech', 'CSE', '1097/18', '1801307', 2018, 'VPO:DALA CHAK,   TEH:BATALA,  DISTT:GURDASPUR', 'participant', 132, '2019-10-17 15:30:30', '2019-10-17 15:30:30', '1e75476a2d6c287bb5a560180051896f.jpg', 0),
(413, 'JASMEET KAUR', 'JAGJIVAN LAL', '1997-06-23', 'BCA', '', '50401', '1918759', 2019, 'ARYA  NAGAR ,  KARTARPUR, DISTT.  JALANDHAR', 'participant', 100, '2019-10-17 15:37:50', '2019-10-17 15:37:50', '3c1fec0401b16333cbcfcada2c290fdf.jpeg', 0),
(414, 'John', 'Kulwinder', '2000-12-13', '', '', '', '', 2019, 'Mohalla tibba, VPO Jamsher khas , Jalandhar', 'accomp', 109, '2019-10-17 15:38:03', '2019-10-17 15:43:24', '984b4ae8fbdb5b3d3b091e32df59d30f.JPG', 0),
(415, 'Navdeep Singh', 'Lakhvir Chand', '1995-09-12', '', '', '', '', 2014, 'Village Bulanda, teh. nakodar, jalandhar', 'accomp', 109, '2019-10-17 15:40:28', '2019-10-17 15:42:50', '6f9a7cfd3a802f4b328ae3f905831ab4.JPG', 0),
(416, 'Kajal', 'Kailash Mitter', '1998-01-21', 'MBA', '', '1812070', '1812070', 2015, 'Village Jattuwal, gurdaspur, gazikot', 'participant', 109, '2019-10-17 15:52:46', '2019-10-17 15:52:46', '193ac252dcf25c1733e925719fdf7fa9.jpg', 0),
(417, 'Jaspreet kaur', 'Sukhbir singh', '1998-01-24', 'MBA', '', '1812066', '1812066', 2015, 'Village Bhoolpur , VPO Miani, dist, hoshiarpur', 'participant', 109, '2019-10-17 16:00:26', '2019-10-17 16:00:26', '559a2e1904b5da11e04e0ca1f419d8f1.jpg', 0),
(418, 'Vishavpreet Kaur', 'Kuldeep Singh', '1999-08-10', 'B.TECH', 'CSE', '1818400', '1818400', 2018, 'Pind Kotla Tarkhana kathunangal', 'participant', 171, '2019-10-17 16:05:46', '2019-10-17 16:05:46', 'ba6802ed896bfa5bca04436be58695a4.png', 0),
(419, 'SUKHMANPREET SINGH', 'KAWALJIT SINGH', '2000-05-05', 'B.SC.AGRI 1ST SEM', 'AGRICULTURE', '19126', '0', 2019, 'VPO VAIN POIN, TEH.KHADOOR SAHIB, TARN TARAN', 'participant', 173, '2019-10-17 16:10:55', '2019-10-17 16:10:55', '051d9b5f22b189c7cb38cf4a44717084.jpg', 0),
(420, 'Harsimran Kaur', 'Inderpal Singh', '2000-08-11', 'BCA', 'Computer Application', '', '', 2018, 'H.NO.36 Guru Ram Dass Nagar , Kot Khalsa Amritsar', 'participant', 171, '2019-10-17 16:18:32', '2019-10-17 16:19:31', '8c474814fe007da777b67381203b7d32.png', 0),
(421, 'Harshita Sharma', 'Jatinder Sharma', '1999-07-01', 'B.COM. (H)-III', '', '1825241', '1825241', 2018, '155 defence colony, Jalandhar', 'participant', 109, '2019-10-17 16:22:46', '2019-10-17 16:22:46', 'f89ef0c626cb7fe997fbc5dbc91b63db.jpg', 0),
(422, 'Raveena', 'Dalbir Chand', '1999-06-21', 'B.TECH', 'CSE', '1635501', '1635501', 2016, 'H.no.506-B Onkar nagar bhadroya road pathankot', 'participant', 171, '2019-10-17 16:24:25', '2019-10-17 16:24:25', 'aa814100792318481af07c7e908116ee.png', 0),
(423, 'Manjinder Kaur', 'Hira Singh', '2000-03-25', 'BCA', 'Computer application', '', '', 2019, 'H.no E1 Staff colony govt. polythenic college Amritsar', 'participant', 171, '2019-10-17 16:28:28', '2019-10-17 16:29:11', '9d384e97a599f9c93b7d6ac6bcb5d25d.png', 0),
(424, 'Poonam Salotra', 'Kuldeep Raj', '2002-03-01', 'BCA', 'Computer application', '', '', 2019, 'P.O sahowara khurd tehsil and dist Pathankot, Kothi Prem singh,  Gurudaspur', 'participant', 171, '2019-10-17 16:33:45', '2019-10-17 16:52:22', '573716cdce7499bb706a2330c1d045fe.png', 0),
(425, 'Nakita Mahey', 'Paramjit Lal', '2002-04-10', 'B.COM. (H)', '', '19807', '0', 2019, 'h,no, 33, khera colony, phagwara', 'participant', 109, '2019-10-17 16:35:43', '2019-10-17 16:35:43', '5369f67991c8812cff440d12ea796c84.JPG', 0),
(426, 'Simranpreet Kaur', 'Sarup Singh', '2000-08-30', 'BCA', 'Computer Application', '', '', 2019, 'Riyasat avenue than your kale chheharta Amritsar', 'participant', 171, '2019-10-17 16:42:29', '2019-10-17 16:42:54', '6b1a678dfe05a9b36a113a4001a42491.png', 0),
(427, 'Suman', 'Satpal', '1997-08-06', 'BBA', '', '1718271', '1718271', 2017, 'village singha, PO Kangsahbu, jalandhar', 'participant', 109, '2019-10-17 16:45:16', '2019-10-17 16:45:16', '2b612b265a15354fac92a45bae260771.png', 0),
(428, 'Daljit Kaur', 'Tarsem Singh', '2000-05-02', 'BCA', 'Computer Application', '', '', 2017, 'Teran kalan ajnala Amritsar', 'participant', 171, '2019-10-17 16:46:49', '2019-10-17 16:47:12', 'ebd3209986b6a38b13a382a8406b59d4.png', 0),
(429, 'Amrit Saini', 'Gurdeep singh', '1997-01-18', 'MBA', '', '1812044', '1812044', 2015, 'Q.No. 527-A Type 2, RCF, Kapurthala', 'participant', 109, '2019-10-17 16:51:03', '2019-10-17 16:51:03', 'f096e6e850c7a00fa13d4ca20cf5c87f.png', 0),
(430, 'Pooja', 'Baldev Singh', '1994-11-18', 'BCA', 'Computer Application', '', '', 2014, '304 Ram tirath road gaily mochian Wai mahal Amritsar', 'participant', 171, '2019-10-17 16:52:07', '2019-10-17 16:52:48', '1832ddd04d18ae750f8402a05d36a76d.png', 0),
(431, 'Raman', 'Sukhwinder Singh', '2000-06-08', 'BCA', 'Computer Application', '1832667', '1832667', 2018, 'Village meharbanpura  Amritsar', 'participant', 171, '2019-10-17 16:59:11', '2019-10-17 16:59:11', '06318a0ed636c7ba57e9cc0176cb4fca.png', 0),
(432, 'Ishu', 'Naresh Kumar', '2002-07-30', 'BCA', 'Computer Application', '', '', 2019, 'Vikas nagar khandwala rayan silk Amritsar', 'participant', 171, '2019-10-17 17:02:35', '2019-10-17 17:03:05', '2b57471d69084d6be8d46f619c159f97.png', 0),
(433, 'Lovepreet Singh', 'Angraj Singh', '2000-01-14', 'BSC (2 YR)', 'AGRICULTURE', '8029/18', '1819706', 2018, 'vill-jogar  Distt./Teh.-pathankot', 'student_accomp', 132, '2019-10-17 17:03:15', '2019-10-17 17:03:15', '833b2e5fc10f0e625bc37ec308ee4fc8.jpeg', 0),
(434, 'ARPIT SHARMA', 'AJAY SHARMA', '1998-02-03', 'BTECH', 'chemical', '3001/17', '1701946', 2017, 'dhangu road ,pathankot,punjab', 'participant', 132, '2019-10-17 17:07:16', '2019-10-17 17:07:16', '92ea671f896cef0c6a24d47282ff5b97.jpeg', 0),
(435, 'GULABDEEP KAUR BRAR', 'SHIVDEEP SINGH', '2001-08-01', 'B.TECH 1ST SEM', 'CSE', 'ID-10078472', '0', 2018, 'KIRAT NAGAR, STREET NO 3, MALOUT ROAD, SRI MUKTSAR SAHIB', 'participant', 150, '2019-10-17 17:08:36', '2019-10-17 17:08:36', '0a7ad5a6281bbffa5bad465eca6aa54c.jpg', 0),
(437, 'AMANDEEP SINGH', 'BHAGWANT SINGH', '1999-01-25', 'BCA 1ST SEM', 'BCA', 'ID-10078807', '0', 2018, 'PREET NAGAR, FGC ROAD, AMRITSAR', 'participant', 173, '2019-10-17 17:32:47', '2019-10-17 17:32:47', '2877f4e6334fa2ff3371498bb428a578.jpg', 0),
(438, 'Arshpreet Kaur', 'Gurpinder Singh', '2000-01-18', 'BCA', 'Computer Application', '1832653', '1832653', 2017, 'BV - 3/174gali no. 1 san sahib road Krishna nagar chheharta Amritsar', 'participant', 171, '2019-10-17 17:33:41', '2019-10-17 17:33:41', '08c2cb0998fee3c1646f56351762c8fb.png', 0),
(439, 'NISHA', 'SANTOKH CHAND', '2001-12-26', 'BCA 1ST SEM', 'BCA', 'ID-10078801', '0', 2019, 'STREET NO 2, NAI ABABDI, KARAMPURA, AMRITSAR', 'participant', 173, '2019-10-17 17:40:15', '2019-10-17 17:40:15', 'b12ea891e5fbaf3eb1b3f3c860c5aee6.jpg', 0),
(440, 'Varun', 'Brij Bhushan', '1991-06-12', '', '', '', '', 2000, '4,28 inder puri colony kot khalsa Amritsar', 'accomp', 171, '2019-10-17 17:40:45', '2019-10-17 17:41:43', 'bb584cfd4197401a2d2760cff8e268c8.png', 0),
(441, 'SHIFALI', 'SARJU', '2001-02-21', 'BCA 1ST SEM', 'BCA', 'ID-10078802', '0', 2019, 'NAI ABADI FGC ROAD, STREET NO 3, AMRITSAR', 'participant', 173, '2019-10-17 17:43:43', '2019-10-17 17:43:43', '8e80d08d3a683efbb8d5b99cd9db5f5c.jpg', 0),
(442, 'ASHISH KUMARI', 'RAJ KUMAR', '2000-01-25', 'BCA 1ST SEM', 'BCA', 'ID-10078808', '0', 2019, 'HARI RAM DI BAGHICHI, RAM TIRATH ROAD, H NO 3033/21, AMRITSAR', 'participant', 173, '2019-10-17 17:47:25', '2019-10-17 17:47:25', 'e02533509c63b0cadcb66841b2b81156.jpg', 0),
(443, 'Nilesh Kumar', 'Nilkanth Mishra', '2001-04-15', 'B.Tech', 'CSE', '', '0', 2018, 'sadguru ramsingh avenue Gali no.:5', 'participant', 171, '2019-10-17 17:54:00', '2019-10-17 17:54:00', '444c9e630e5e89dbff750d7f2a74ce13.jpeg', 0),
(444, 'Saurav Kumar Mishra', 'Dashrath Mishra', '2001-09-10', 'B.Tech', 'CSE', '', '0', 2019, 'H no.206 karan PG Sadguru Ram Singh Avenue street 5,Amritsar', 'participant', 171, '2019-10-17 18:13:49', '2019-10-17 18:13:49', 'd4ad8eaa69ad136f0c5a40535e16261d.jpeg', 0),
(445, 'Subir magotra', 'Aswani Kumar', '1998-02-22', 'Btech', 'civil', '1616079', '1600259', 2016, 'Hno 350,Sector -4,Bhagwat nagar Jammu', 'participant', 147, '2019-10-17 22:33:35', '2019-10-17 22:33:35', 'f6235e6a1b6f8376a3a4d1f8b15b633d.jpg', 0),
(446, 'Tabika Chaudharty', 'Hari Narayan Chaudhary', '1998-02-01', 'Bsc', 'Agriculture', '1701112', '0', 2016, 'Sunsari,Nepal', 'participant', 147, '2019-10-17 22:40:07', '2019-10-17 22:40:07', 'c98d0c4fd2ca9866a340af14650f78f2.jpg', 0),
(447, 'Mensura bhattarai', 'Parbat Raj Bhattarai', '1998-04-17', 'Bsc', 'Agriculture', '1701049', '', 2019, 'khotang,Nepal', 'participant', 147, '2019-10-17 22:48:06', '2019-10-17 22:48:56', '1dcc2e73325f1c1f19967f074c6ccadd.jpg', 0);

-- --------------------------------------------------------

--
-- Table structure for table `users`
--

CREATE TABLE `users` (
  `id` bigint(20) UNSIGNED NOT NULL,
  `name` varchar(191) COLLATE utf8mb4_unicode_ci NOT NULL,
  `email` varchar(191) COLLATE utf8mb4_unicode_ci DEFAULT NULL,
  `is_admin` int(11) NOT NULL,
  `email_verified_at` timestamp NULL DEFAULT NULL,
  `password` varchar(191) COLLATE utf8mb4_unicode_ci NOT NULL,
  `remember_token` varchar(100) COLLATE utf8mb4_unicode_ci DEFAULT NULL,
  `created_at` timestamp NULL DEFAULT NULL,
  `updated_at` timestamp NULL DEFAULT NULL,
  `college_id` int(11) NOT NULL,
  `username` varchar(191) COLLATE utf8mb4_unicode_ci NOT NULL
) ENGINE=InnoDB DEFAULT CHARSET=utf8mb4 COLLATE=utf8mb4_unicode_ci;

--
-- Dumping data for table `users`
--

INSERT INTO `users` (`id`, `name`, `email`, `is_admin`, `email_verified_at`, `password`, `remember_token`, `created_at`, `updated_at`, `college_id`, `username`) VALUES
(1, 'Super Admin', NULL, 2, NULL, '$2y$10$5KgKhV9A9IpFovYBgJU.nOPTjrEWr/sXiebfyfCuhj5fOIzWkyf/.', '7vJ2Ln4ZtnGqPfaui2JfrRUMGJOHUKymnc1PgfBBvY9ZEHlWbAzEoIUorBNT', '2019-10-10 03:59:51', '2019-10-11 16:19:44', 3, 'superadmin'),
(98, 'CT Institute of Engineering  Management & Technology, Shahpur, Jalandhar', NULL, 1, NULL, '$2y$10$KIH9GtOjyVOjFOcdFxPzMeQfDFUTpDvoIlDUCKszGB7HqKHKoMRou', NULL, '2019-10-14 12:17:54', '2019-10-14 12:17:54', 3, 'ctiemt_yf19'),
(99, 'CT Institute of  Technology, Shahpur, Jalandhar', NULL, 1, NULL, '$2y$10$J4tR1O3BCc05kkQc.Ri/Gea3tm2y3J.65Mkt0mQsCOwIh21IyFa/G', NULL, '2019-10-14 12:17:54', '2019-10-14 12:17:54', 4, 'ctit_yf19'),
(100, 'D.A.V. Institute of Engineering  & Technology, Jalandhar', NULL, 1, NULL, '$2y$10$XNHAfPfSqDNSTN0xXmfoyOSHjrBEWzNKmH/aLQOOsqDRNpqoYYf3u', 'e5qf0BTujibRJBpvg71iOLZ1J8ZX4P9md2hyBYBAJaqPKj4yzTmQbcxAGJpv', '2019-10-14 12:17:54', '2019-10-14 12:17:54', 5, 'daviet_yf19'),
(101, 'Sant Baba Bhag Singh Institute of Engineering & Technology, Jalandhar', NULL, 1, NULL, '$2y$10$ekPZy2y3QoNV/jb.zKe30u28B23bfGidlyGLea.AQhJdahX/vgmjO', NULL, '2019-10-14 12:17:54', '2019-10-14 12:17:54', 6, 'sbbsiet_yf19'),
(102, 'CT Institute of Hotel Management & Catering Technology, Jalandhar', NULL, 1, NULL, '$2y$10$T81k6WlfEe4y.5ZsxZumSOG8YaQpf/AdNwwchiEmbnoccNdE9smEK', NULL, '2019-10-14 12:17:54', '2019-10-14 12:17:54', 7, 'ctihmct_yf19'),
(103, 'St. Soldier Institute of Hotel Management & Catering Technology, Jalandhar', NULL, 1, NULL, '$2y$10$nMC64aEL1uQVN67hSCnSbe4AMyTwVDfA.cpkyA37/Nw2rh7GwFMNW', NULL, '2019-10-14 12:17:54', '2019-10-14 12:17:54', 8, 'ssihmct_yf19'),
(104, 'Apeejay Institute of Management., Jalandhar', NULL, 1, NULL, '$2y$10$6dkXr8PeVB6qPMbHhXSZee7APjXruvCrk9e2YPah9Op3V.VH7d4dW', NULL, '2019-10-14 12:17:54', '2019-10-14 12:17:54', 9, 'aim_yf19'),
(105, 'CT Institute of Management & I.T., Jalandhar', NULL, 1, NULL, '$2y$10$EwXn4Q77ZJMzuqjI/LyExOSntb34FpXYFRwSaqCPmcI7d0urOnzm.', NULL, '2019-10-14 12:17:54', '2019-10-14 12:17:54', 10, 'ctimit_yf19'),
(106, 'CT Institute of Management Studies, Shahpur, Jalandhar', NULL, 1, NULL, '$2y$10$utIfTw/c1TL0y3ynyIQd0OuK78P8oGybTFQWEW/yzGufz4uTxu0KO', NULL, '2019-10-14 12:17:55', '2019-10-14 12:17:55', 11, 'ctims_yf19'),
(107, 'DIPS Institute of Management & Technology, Jalandhar', NULL, 1, NULL, '$2y$10$gRmwUxb0mK2rpobhfA4j1OiOs.oEcgY7TzHfpWleb8xSc5dvad1rK', NULL, '2019-10-14 12:17:55', '2019-10-14 12:17:55', 12, 'dipsimt_yf19'),
(108, 'Innocent Hearts Group of Institutions, Loharan , Jalandhar', NULL, 1, NULL, '$2y$10$aqs5OgYqvinZpxo9nsmmz.ZmsXgc14c3xqATDlhFtoX/70DWedUk6', NULL, '2019-10-14 12:17:55', '2019-10-14 12:17:55', 13, 'ihgi_yf19'),
(109, 'KCL Institute of Management & Technology, Jalandhar', NULL, 1, NULL, '$2y$10$I8bxHj8e0Rvv9g2gaNoiz.NgnhK7TYQuqmbOaa/JsPBNu13eAIwIS', NULL, '2019-10-14 12:17:55', '2019-10-17 12:30:03', 14, 'kclimt_yf19'),
(110, 'Satyam Institute of Management & Technology, Nakodar', NULL, 1, NULL, '$2y$10$NPInK5PlEx2jH7vOUMzGDO05gD9SyUetMuvP9xk7iDl.l1Npi8Mmm', '15cloMJ88HWy2EncKxcZAc4EU11Xw3a8Zb0VWyO2WKvx055v5OZvJS9oUoQf', '2019-10-14 12:17:55', '2019-10-14 15:36:53', 15, 'simt_yf19'),
(111, 'S.G.T.B Institute of Management & IT,  Sanura, Jalandhar', NULL, 1, NULL, '$2y$10$A.vD/7k2b43Qi4a5GT2GGO5FhJEQ012twvcUfWFkKM6tnZWV1Njya', NULL, '2019-10-14 12:17:55', '2019-10-14 12:17:55', 16, 'sgtbimit_yf19'),
(112, 'Social Institute of Management & Technology , Jalandhar .', NULL, 1, NULL, '$2y$10$.g595H2bXmUcMLdowUPzJ.TTarsYA4eWF/hgaohoBeAOUTNQBvTye', NULL, '2019-10-14 12:17:55', '2019-10-14 12:17:55', 17, 'soimt_yf19'),
(113, 'St. Soldier Management & Technical Institute, Jalandhar', NULL, 1, NULL, '$2y$10$3UKZcketV7MSxpqRLJx4geNjtZcsIIHZl5hzoXUi.63d6tAMlaIHi', NULL, '2019-10-14 12:17:55', '2019-10-14 12:17:55', 18, 'ssmti_yf19'),
(114, 'CT Institute of Pharmaceutical Sciences, Shahpur', NULL, 1, NULL, '$2y$10$Romo2GU9Crp1HJfWnWg5EOc5dYUqBuRWk24DSLMfkWuipsH7AjRSq', NULL, '2019-10-14 12:17:55', '2019-10-14 12:17:55', 19, 'ctips_yf19'),
(115, 'Soldier Institute of Pharmacy, Jalandhar', NULL, 1, NULL, '$2y$10$HVVzKV8Z9EXkQEcjPziZ8.4wxPTzAQntx9rC.9ZJIcoG9GBGOEgU6', NULL, '2019-10-14 12:17:55', '2019-10-14 12:17:55', 20, 'sip_yf19'),
(116, 'St. Soldier Institute of Engineering  and Technology, Jalandhar', NULL, 1, NULL, '$2y$10$DT0.vCd.1L9KtJx8KjIXO.dGhqdZSSevFYvZ1F80uOBZCLYfpGzV6', 't29mBiCypBcbQU80oPkHHxXM5DYgarBNymLIkglOTyLYD1ucUfMxeeXFqsrM', '2019-10-14 12:17:55', '2019-10-14 15:36:08', 21, 'stsiet_yf19'),
(117, 'CT Institute of Management & Technology, Shahpur,Jalandhar', NULL, 1, NULL, '$2y$10$Jp1Z/3zwezAkEGdVHaTyOuyGyu5GVhcWQlD8zBvvEFXfEkfBTgr9m', NULL, '2019-10-14 12:17:55', '2019-10-14 12:17:55', 22, 'ctimt_yf19'),
(118, 'CT Institute of Advance Management Studies, Jalandhar', NULL, 1, NULL, '$2y$10$ImZUF1ULptaGdGQtpsVqsO/LhzXwUDTrCnHAjch/Fb4wCng8ssj7e', NULL, '2019-10-14 12:17:56', '2019-10-14 12:17:56', 23, 'ctiams_yf19'),
(119, 'Sant Baba Bhag Singh Post Graduate College, Khiala, Padiana', NULL, 1, NULL, '$2y$10$t/WuHiozVIYpDKu.6MVJTuFL.WV2/M6oVyzIrg8KQFodNtfKEXM56', NULL, '2019-10-14 12:17:56', '2019-10-14 12:17:56', 24, 'sbbspgc_yf19'),
(120, 'Apeejay Svran Institute of Management, Rama Mandi, Jalandhar', NULL, 1, NULL, '$2y$10$/8.tqmntPSekUMi4RLi58ePDDPdGLfTsEfTKRtKxppbsHrI/1uIui', NULL, '2019-10-14 12:17:56', '2019-10-14 12:17:56', 25, 'asim_yf19'),
(121, 'GORAYA COLLEGE OF TECHNICAL EDUCATION', NULL, 1, NULL, '$2y$10$6bqcz8FraIiqQogqFzHWruQIN7q4sPhLHM6.hoxfx9OVSWr9US6W6', NULL, '2019-10-14 12:17:56', '2019-10-14 12:17:56', 26, 'gcte_yf19'),
(122, 'CT INSTITUTE OF TECHNOLOGY & RESEARCH', NULL, 1, NULL, '$2y$10$IF1DLatvwX7E.R3gcs3Voet.5a10VagCIq7uCjiQklCcb0vqsNsuu', 'eyorCqwFcnd6ohrQX1Khk1z9Iy3yOJKgMszfbTYWNpEvrPT7IIgtpv3JSRE9', '2019-10-14 12:17:56', '2019-10-14 12:17:56', 27, 'ctitr_yf19'),
(123, 'PTU REGIONAL CENTRE CTIEMT', NULL, 1, NULL, '$2y$10$2FICWmYDESTj/.Ma.lM7D.KbZs.3DYJq2xTSGYzLDNWHOSXs3sOhy', NULL, '2019-10-14 12:17:56', '2019-10-14 12:17:56', 28, 'pturcctiemt_yf19'),
(124, 'Lyallpur Khalsa College of Engineering', NULL, 1, NULL, '$2y$10$JcrzdodSacNZqgc.44udXO5sH/KidEgLkRIjEX11I.gWFwe9Cln0q', 'pNn9Hy6Ehdh752RNkRU1XuSMwNtPWoYHmzxXSKssWUm7GgJb6IKxwqMTVVVb', '2019-10-14 12:17:56', '2019-10-15 21:15:49', 29, 'lkce_yf19'),
(125, 'Northern India Institute of Fashion Technology,Jalanchar', NULL, 1, NULL, '$2y$10$g4kQck/vJCVCAclYDJIIxOCN9uYrfMJJWDkdlKFHi15d0WBDUrtgK', NULL, '2019-10-14 12:17:56', '2019-10-14 12:17:56', 30, 'niift_yf19'),
(126, 'PTU Regional Centre, DAV Institute of Engineering & Technology', NULL, 1, NULL, '$2y$10$byiEd4axLhlhJ2p6rqb1s.oRA60y8f4CTYq/2ZwZcoYOqqUEsgu2K', NULL, '2019-10-14 12:17:56', '2019-10-14 12:17:56', 31, 'pturcdaviet_yf19'),
(127, 'PTURC-Sant Baba Bhag Singh Institute of Engineering & Technology,Jalandhar', NULL, 1, NULL, '$2y$10$GRducq61x/IB5MgGSu1ELOX4vssA0QNi8TxUe6asEr/MZs.Kt177S', NULL, '2019-10-14 12:17:56', '2019-10-14 12:17:56', 32, 'pturcsbbsiet_yf19'),
(128, 'CT Institute of Architecture & Planning,Shahpur', NULL, 1, NULL, '$2y$10$YbEmtZwFiTgWq7NeM00kY.lZcdWOraX4VIFeDwzeoCfPoJPijG4h2', NULL, '2019-10-14 12:17:56', '2019-10-14 12:17:56', 33, 'ctiap_yf19'),
(129, 'SAINIK INSTITUTE,JALANDHAR', NULL, 1, NULL, '$2y$10$gPVhZoqQhBLkM1N8bgs81et6bxB2aD8cN0IuNuHHwUbh9cOG7LAkm', NULL, '2019-10-14 12:17:57', '2019-10-14 12:17:57', 34, 'si_yf19'),
(130, 'Prem Chand Markand S.D.College for Women,Jalandhar', NULL, 1, NULL, '$2y$10$EFBUccV9om..uYQB4WDJIeOUJLNTCsMAWrdnIqlOwDQTGjeFjMO1G', NULL, '2019-10-14 12:17:57', '2019-10-14 12:17:57', 35, 'pcmsdcw_yf19'),
(131, 'CT Institute of Hospitality Management, Jalandhar', NULL, 1, NULL, '$2y$10$zgXSkodSDGGbq4cjXB/C2OaYANNIQph3TBKXtzLJVT.3q3/28xmGS', NULL, '2019-10-14 12:17:57', '2019-10-14 12:17:57', 36, 'ctihm_yf19'),
(132, 'Beant College of Engineering  & Technology, Gurdaspur', NULL, 1, NULL, '$2y$10$eET3V6car9bUroz9QpRvPuoJk5N19OeTK9dOrKgqeDgWMUWYeERNa', 'MPwaKWUuQa4sNSvvrkrAgeaL5eAtVqa3j1WxcpOVLdXx02M0gVrFhOm4p2Dh', '2019-10-14 12:17:57', '2019-10-14 12:17:57', 37, 'bcet_yf19'),
(133, 'Sri Sai College of Engineering  & Technology,Badhani, Pathankot', NULL, 1, NULL, '$2y$10$jUEWvKFRLYkZfdKCkzwASeqvKRU1Oqk62mVcgyS/T1kHmpGwKR8Oq', NULL, '2019-10-14 12:17:57', '2019-10-14 12:17:57', 38, 'sscet_yf19'),
(134, 'S. Sukhjinder Singh Engineering  & Technology College, Gurdaspur', NULL, 1, NULL, '$2y$10$Awq9cJDNo11X41GGPzs0hOr9Z9CpsEAJlMsOSS4.OdPhaUKW.h5PK', 'PS4LrtFXA7VYBi6W1Ee9OacpLPiqFtaskemxfaxKY2J18MGAEbvaZW5gzLvL', '2019-10-14 12:17:57', '2019-10-14 12:17:57', 39, 'sssetc_yf19'),
(135, 'Swami Sarwanand Institute of Engineering & Technology, Dinanagar', NULL, 1, NULL, '$2y$10$WQ2S0d.BolqbWyGZxIpbSObj/ttowEu6EvD4mmFKisiquasLmXExm', NULL, '2019-10-14 12:17:57', '2019-10-14 12:17:57', 40, 'swsiet_yf19'),
(136, 'Swami Sarvanand Institute of Management & Technology, Dinanagar', NULL, 1, NULL, '$2y$10$zNSfTYac6xd5hmEc8JMIKe7vE3Q5PSZr1TI/e1kQxg.f31eQPRNqC', NULL, '2019-10-14 12:17:57', '2019-10-14 12:17:57', 41, 'ssimt_yf19'),
(137, 'VMS Institute of Management,  Batala', NULL, 1, NULL, '$2y$10$jX6KnKkN/Cg4Akg2p3Dxfel5JDwLih5LWtW1XOvHlx45Zxl7u35/m', NULL, '2019-10-14 12:17:57', '2019-10-14 12:17:57', 42, 'vmsim_yf19'),
(138, 'Vishwa mittar sekhri College of Pharmacy, Batala', NULL, 1, NULL, '$2y$10$GgsZn3q0wK9BwZ45Fv1krue/Ci3gu4tMOaGHUm.0rg0IvB8cibS4.', NULL, '2019-10-14 12:17:58', '2019-10-14 12:17:58', 43, 'vmscp_yf19'),
(139, 'Golden College of Engg & Tech, Gurdaspur', NULL, 1, NULL, '$2y$10$s3dFjdqlqZdJJ1E29NVVm.C2yrVD9ABr7whlCXyjgjsTeLtd0UMGO', NULL, '2019-10-14 12:17:58', '2019-10-14 12:17:58', 44, 'gcet_yf19'),
(140, 'Sri Guru Arjun Dev College of Management & Technology, Dhariwal, Gurdaspur', NULL, 1, NULL, '$2y$10$KYF1xwppKhmZ0JWICRujlOlJ5y7BlPKalghw7yjqEXxWFa2xMOyM.', NULL, '2019-10-14 12:17:58', '2019-10-14 12:17:58', 45, 'sgadcmt_yf19'),
(141, 'Golden Institute of Management & Tech. Gurdaspur', NULL, 1, NULL, '$2y$10$0ApwjCxHThhN3ES5OKiQt.BjTknVORuf47zUJdoD8CZ8kyAV9tDDG', NULL, '2019-10-14 12:17:58', '2019-10-14 12:17:58', 46, 'gimt_yf19'),
(142, 'PTURC Swami Sarvanad Institute of Engineering & Technology', NULL, 1, NULL, '$2y$10$mGKRyeXFRBft0OJQCc216Oxy87EK1PmAdGdCYmBUbd3anmDXzfZiO', NULL, '2019-10-14 12:17:58', '2019-10-14 12:17:58', 47, 'pturcssiet_yf19'),
(143, 'Sukhjinder Institute of Science and Technology', NULL, 1, NULL, '$2y$10$4J7irUqPdbzdOSs0hyfVo.7HRwmhkYzidItIgkOQokETGvPHVGL6u', NULL, '2019-10-14 12:17:58', '2019-10-14 12:17:58', 48, 'sist_yf19'),
(144, 'PTURC BEANT COLLEGE OF ENGG. & TECH.', NULL, 1, NULL, '$2y$10$cbeSZB2k3ZR9NvV8nIiiBuSRY6wI3.Mk2qYao2XwXvYfxKLcOK5Gm', NULL, '2019-10-14 12:17:58', '2019-10-14 12:17:58', 49, 'pturcbcet_yf19'),
(145, 'Shanti Devi Arya mahila College,Dinanagar', NULL, 1, NULL, '$2y$10$smgP2P9CiAmPc2xeJxGlO.7WHbM.6se4NDT.QidzUuw2mih6H5VLG', NULL, '2019-10-14 12:17:58', '2019-10-14 12:17:58', 50, 'sdamc_yf19'),
(146, 'S.Sukhjinder Singh College of Pharmacy,Gurdaspur', NULL, 1, NULL, '$2y$10$sEX2nofutnS2KQRyZs2yguBSC43H.ootMvCntwFBG7TH0vAy/W2IS', NULL, '2019-10-14 12:17:58', '2019-10-14 12:17:58', 51, 'ssscp_yf19'),
(147, 'Amritsar College of Engineering & Technology, Amritsar', NULL, 1, NULL, '$2y$10$7dKGe.AQePQegJBImm1DLe7qdbFS1G4FRWX9dVhxWhPUDdP2BQQAa', '4Z01Im1l4bCIUDj6VHhoPtY914z5KrQafo5qlF6eGUYeJ64GwYeoh8GzgrQV', '2019-10-14 12:17:58', '2019-10-14 12:17:58', 52, 'acet_yf19'),
(148, 'Baba Kuma Singh Ji Engineering College, Amritsar', NULL, 1, NULL, '$2y$10$uOoTEotnXdL0cDnf6v4odOIDEuqUKNqyN3I7sCOzgMBUjqEuOLPCi', NULL, '2019-10-14 12:17:58', '2019-10-14 12:17:58', 53, 'bksjec_yf19'),
(149, 'Global Institute of  Management and Emerging Technologies, Amritsar', NULL, 1, NULL, '$2y$10$K9/tUeF4NWUvdUWyRONIM.EGY1B1Rm24y/c3k4Kw9d.VgKWm31VC6', NULL, '2019-10-14 12:17:58', '2019-10-14 12:17:58', 54, 'gimet_yf19'),
(150, 'Khalsa College of Engineering & Technology, Amritsar', NULL, 1, NULL, '$2y$10$ITp3D7B7eyCvHcgA0gInoOmAAcu0IIQne1pl/rypnGgYQK/6QRdLG', 'VkKjXu7JQjfvSmclPyzgmey7g9WsUlXJu0sdWuI6474tIdOEpC2QiahGifxI', '2019-10-14 12:17:59', '2019-10-14 12:17:59', 55, 'kcet_yf19'),
(151, 'Sai Institute of Engineering & Technology, Manawala, Amritsar', NULL, 1, NULL, '$2y$10$WkiaNHw0yN6pNdujNXdbR..78ix69OJo0gXgofuGpCONnTfme2SiO', NULL, '2019-10-14 12:17:59', '2019-10-14 12:17:59', 56, 'siet_yf19'),
(152, 'Global Institute of Management, Amritsar', NULL, 1, NULL, '$2y$10$dh0/Okaj2tVi30xN3j4Pa.oKA4TEyswhDeBvy4n5cvWdws4T4ETsS', NULL, '2019-10-14 12:17:59', '2019-10-14 12:17:59', 57, 'gim_yf19'),
(153, 'Sai Institute of Management, Manawala, Amritsar.', NULL, 1, NULL, '$2y$10$ensJCYLAuVLdm88u8gUYFOfHNNVv4qaDn1JzrhuKGpXoYVL5T8TtO', NULL, '2019-10-14 12:17:59', '2019-10-14 12:17:59', 59, 'simm_yf19'),
(154, 'Sidana Institute of Management & Technology, Khiala Khurd, Amritsar', NULL, 1, NULL, '$2y$10$P0RVQD/m7.Guc9PpP1BYEeIEJtenblNn2XBkL7ZrXphsAL0la8h/.', NULL, '2019-10-14 12:17:59', '2019-10-14 12:17:59', 60, 'simta_yf19'),
(155, 'Swami Satyanand College of Management & Technology , Amritsar', NULL, 1, NULL, '$2y$10$hMW4Q/URLbVw.QuJtQtZIeBARnQmB5DjGPyHvmupZSzCv4FNKbToW', NULL, '2019-10-14 12:17:59', '2019-10-14 12:17:59', 61, 'sscmt_yf19'),
(156, 'Govt. Institute of Pharmaceutical Science., Amritsar.', NULL, 1, NULL, '$2y$10$eXx7Q790TzWF32cVpMKoJuyMi2V99NyJczRYsPtV/Oa/EKvkG1tuC', NULL, '2019-10-14 12:17:59', '2019-10-14 12:17:59', 62, 'gips_yf19'),
(157, 'Khalsa College of Pharmacy,  Amritsar', NULL, 1, NULL, '$2y$10$sH9JNUPj6F4KnMf4fK7awOO81wPI9SCcp9QoOjPlf82.FHwACEcAq', NULL, '2019-10-14 12:17:59', '2019-10-14 12:17:59', 63, 'kcp_yf19'),
(158, 'Sai Institute of Pharmaceutical Education & Res., Manawala, Amritsar', NULL, 1, NULL, '$2y$10$PCKuEk.5I3YweQwojCd5yuLdLNB/X53gm.G.Hg0f1MVJTxYizXmgm', NULL, '2019-10-14 12:17:59', '2019-10-14 12:17:59', 64, 'siper_yf19'),
(159, 'M. K. Education Societies Group of Institutions, Amritsar', NULL, 1, NULL, '$2y$10$juJZQouHqzq96yl4UwdYCuM6wiABRFx60qEwCif24DlLA7cdLk1Tu', NULL, '2019-10-14 12:17:59', '2019-10-14 12:17:59', 65, 'mkesgi_yf19'),
(160, 'Satyam Institute of Management, Amritsar', NULL, 1, NULL, '$2y$10$lSYiAVD2kUozqo2fPHcrWOsTUsaNUddjj1LqaEMZmQ3CP50SvQZKK', NULL, '2019-10-14 12:18:00', '2019-10-14 12:18:00', 66, 'sim_yf19'),
(161, 'Satyam Institute of Engineering & Technology, Kotla Doom, Amritsar', NULL, 1, NULL, '$2y$10$uQIs.MktLy7XRE2cPNIVseF0VQXVEQLigin.CwjlwlySlfWJdreHO', NULL, '2019-10-14 12:18:00', '2019-10-14 12:18:00', 67, 'sietkd_yf19'),
(162, 'Sai School of Architecture, Manawala, Amritsar', NULL, 1, NULL, '$2y$10$0gAacSCjPdLE5PKQUSb6peyLd8opajyo6cfiq3.mZmulFYSXT43xK', NULL, '2019-10-14 12:18:00', '2019-10-14 12:18:00', 68, 'ssa_yf19'),
(163, 'Guru Amar Dass College of Information Tech. and Mgt., Jandiala Guru', NULL, 1, NULL, '$2y$10$sJBg2JTJ1Yqvm4/IJbA43ODhj3fYKdjEOdGwSHVxBwrP4HxFn79eG', NULL, '2019-10-14 12:18:00', '2019-10-14 12:18:00', 69, 'gadcitm_yf19'),
(164, 'CKD Institute of Management & Technology, Amritsar', NULL, 1, NULL, '$2y$10$NVAgbF9uuLnqQTWR0SWAEu.msIZ.VTxErZsdA4MhnWnqjSWfaSKOa', 'vjezkbes5BOgIViJVj4Y8DfsO1hR8Db92WCGBHjoMuNijtgdHYsDkfn8BkUq', '2019-10-14 12:18:00', '2019-10-14 12:18:00', 70, 'ckdimta_yf19'),
(165, 'Khalsa College of Pharmacy and Technology,Amritsar', NULL, 1, NULL, '$2y$10$6Vg7lev4Kbm/vkrom7DxJeW53wABqoCNgeb3OCbiaNywf9xr97W1S', NULL, '2019-10-14 12:18:00', '2019-10-14 12:18:00', 71, 'kcpt_yf19'),
(166, 'PTURC Khalsa College of Engineering & Technology, Amritsar', NULL, 1, NULL, '$2y$10$/FjtgRyrmxub5D2FWSBp9O8izYfEwebHhn5XKM5Aukyb1HZFbsZxu', NULL, '2019-10-14 12:18:00', '2019-10-14 12:18:00', 72, 'pturckcet_yf19'),
(167, 'Amritsar college of Hotel Management and Technology', NULL, 1, NULL, '$2y$10$HYvyI8an1EXY8sR3rmvhcehWj7xEQ2UlqyF3APDHw8ngB45gqcJim', NULL, '2019-10-14 12:18:00', '2019-10-14 12:18:00', 73, 'achmt_yf19'),
(168, 'PTURC GLOBAL INSTITUTE OF MANAGEMENT AND EMERGING TECHNOLOGIES', NULL, 1, NULL, '$2y$10$zCeJHlLm3fk8RxPsSsyp/.e3XVSmSU8Wxwc.FHxh97R0jhU4zMpoK', NULL, '2019-10-14 12:18:00', '2019-10-14 12:18:00', 74, 'pturcgimet_yf19'),
(169, 'RADICAL BUSINESS SCHOOL', NULL, 1, NULL, '$2y$10$EQGLmGDH9CZHLQrXenmjm.RHLb7ap5ggdVJdVGlGvNkT7wxEDnDYS', NULL, '2019-10-14 12:18:00', '2019-10-14 12:18:00', 75, 'rbs_yf19'),
(170, 'RADICAL TECHNICAL INSTITUTE', NULL, 1, NULL, '$2y$10$wHcO6x3YiASZvtPWldrpc.USNk0losUSbhWPer8nft9NwvV8nuNu2', NULL, '2019-10-14 12:18:00', '2019-10-14 12:18:00', 76, 'rti_yf19'),
(171, 'PTURC-Amritsar College of Engineering & Technology, Amritsar', NULL, 1, NULL, '$2y$10$DDZLsnHL10FpqTlzEexcfuCM94WqIDoM5Hht0Jpay6gWWXE9W5cN.', 'nnb1z2MeIAe46iUG3bYdU4ml3E2QgCvfCuWLSschlzAS9aB1FHbu3OQmCgCR', '2019-10-14 12:18:01', '2019-10-14 14:30:10', 77, 'pturcacet_yf19'),
(172, 'SAINIK INSTITUTE OF IT & MANAGEMENT,Amritsar', NULL, 1, NULL, '$2y$10$q4Y54iQ1oSFXv7y6grHB8eg/CtWQ7FfklpZ4JC51jbjjGlcYaeVHC', NULL, '2019-10-14 12:18:01', '2019-10-14 12:18:01', 78, 'siitm_yf19'),
(173, 'Khalsa College of Management & Technology,Amritsar', NULL, 1, NULL, '$2y$10$YZAM.pIo6u4Xv77vurhNju1KPyQDmfe8eNrXIWfBGwqErKlx5N7Le', 'bIn61BkJsbPaKS64gfw2uBDvl2PPqur5aOK24DrV67lUGxBba2mz9G7aVYxB', '2019-10-14 12:18:01', '2019-10-14 12:18:01', 79, 'kcmt_yf19'),
(174, 'BABA KUMA SINGH JI DEGREE COLLEGE,AMRITSAR', NULL, 1, NULL, '$2y$10$2to1KaDulkN7MK4eqYJRW.4K4Acl1GVRuhMhDLx0W7pJW/vVFiHLu', NULL, '2019-10-14 12:18:01', '2019-10-14 12:18:01', 80, 'bksjdc_yf19'),
(175, 'Radical Business School,Amritsar', NULL, 1, NULL, '$2y$10$KsHfp/6WnfXb4XPGf6DlEuLiD.W3ooyc1UH5FxEjy27V3aKRo/pWy', NULL, '2019-10-14 12:18:01', '2019-10-14 12:18:01', 81, 'rbsa_yf19'),
(176, 'Satyam Institute of Pharmaceutical Sciences & Research, Kotla Doom, Amritsar', NULL, 1, NULL, '$2y$10$mw9Mr6WONmCg5EP34TOt4.c3iCfYbavWUsDvAF6d250aOMx7qtn9m', NULL, '2019-10-14 12:18:01', '2019-10-14 12:18:01', 82, 'sipser_yf19'),
(177, 'M.K. Institute of Management, Sohian Khurd, Amritsar', NULL, 1, NULL, '$2y$10$n7Ti3/1YG5OZKSgXQVzaJOOPphBf3AvZorY53qI7ggwipConC.RjW', NULL, '2019-10-14 12:18:01', '2019-10-14 12:18:01', 83, 'mkim_yf19'),
(178, 'Aman Bhalla Institute of Engineering  & Technology, Jhakolari, Pathankot.', NULL, 1, NULL, '$2y$10$0JLHyqftzWbCzDynI9Q85OF.4/3nDLlnfPD0O7P/J139sHVGl0v3q', NULL, '2019-10-14 12:18:01', '2019-10-14 12:18:01', 84, 'abietj_yf19'),
(179, 'A & M Institute of Computer & Technology, Pathankot', NULL, 1, NULL, '$2y$10$vk8gg76zV7JXupyxvYZKJOYJTd/J1rMfuLV6tR54wjtiAi3YePTOe', NULL, '2019-10-14 12:18:01', '2019-10-14 12:18:01', 85, 'amict_yf19'),
(180, 'A & M Institute of Management & Technology, Pathankot', NULL, 1, NULL, '$2y$10$03iLxO.Yj5r7KFRDWQQiMemPMATMGHscfzW0jlQ1IopPIgAldbqgW', NULL, '2019-10-14 12:18:01', '2019-10-14 12:18:01', 86, 'amimt_yf19'),
(181, 'Sri Sai Iqbal College of Management & Information Technology, Badhani', NULL, 1, NULL, '$2y$10$m0Xd8Wi6iFoTqydK6cGm1OzGqXFrOCuTis8kwRbvfb2VBbA1pfkXW', NULL, '2019-10-14 12:18:01', '2019-10-14 12:18:01', 87, 'ssicmit_yf19'),
(182, 'Shri Sai College of Pharmacy,  Badhani, Pathankot', NULL, 1, NULL, '$2y$10$cWZr5ITR2TlwPmjvUEgt0eBUFVcVbJ.f7SMSVaZOZQOB.4LsWEmx2', NULL, '2019-10-14 12:18:01', '2019-10-14 12:18:01', 88, 'sscp_yf19'),
(183, 'Sukhjinder Technical Campus, Dunera, Gurdaspur', NULL, 1, NULL, '$2y$10$llv1Ce5r2S.vhErCq7fOcOeUulkzaloVG1A1bmoc9YG6RSP4/GnFS', NULL, '2019-10-14 12:18:02', '2019-10-14 12:18:02', 89, 'stc_yf19'),
(184, 'Tawi Engineering College, Shahpur Kandi,  Gurdaspur', NULL, 1, NULL, '$2y$10$eS3H3KE9xZEv6OUJpWzQEuBPY7F0uh2jqfvGmdWUU5UxV5YXQTRMm', NULL, '2019-10-14 12:18:02', '2019-10-14 12:18:02', 90, 'tec_yf19'),
(185, 'Sri Sai School of Architecture, Badhani, Pathankot', NULL, 1, NULL, '$2y$10$BY9ZgrdbSYhS80M.pqeDsu1iKF.wZaIVc.K0qvjuRijTeeVLLs42O', NULL, '2019-10-14 12:18:02', '2019-10-14 12:18:02', 91, 'sssa_yf19'),
(186, 'Sukhjinder Institute of Computer Science & Management, Dunera, Pathankot', NULL, 1, NULL, '$2y$10$7TxZi4pQxJgir/VXcu4jOeGcjq4Cc4F5vqEq/tNrPBZAFDNtOqVRq', NULL, '2019-10-14 12:18:02', '2019-10-14 12:18:02', 92, 'sicsm_yf19'),
(187, 'Aman Bhalla Institute of Engineering & Technology', NULL, 1, NULL, '$2y$10$WceWU.qjWjwHjIHlkpIq5uyl7yWqwEmPvWx8zfUxjv2vOaIhVsEUO', NULL, '2019-10-14 12:18:02', '2019-10-14 12:18:02', 93, 'abiet_yf19'),
(188, 'AMAN BHALLA INSTITUTE OF MANAGEMENT', NULL, 1, NULL, '$2y$10$VWnRG2CeWd/gQ2sXAvHe8.gL0cFIgmhsn04c6gwT.XXKAMqbGnJ/C', NULL, '2019-10-14 12:18:02', '2019-10-14 12:18:02', 94, 'abim_yf19'),
(189, 'Shiv Shankar Institute of Engineering  & Tech, Patti', NULL, 1, NULL, '$2y$10$ooFIkYlwU4r4R4cV7sjxpun.8Yu7lnPD1NEIdDbAszFh2F13dN.I2', NULL, '2019-10-14 12:18:02', '2019-10-14 12:18:02', 95, 'shsiet_yf19'),
(190, 'Shaheed Bhagat Singh Polytechnic & Pharmacy College, Patti', NULL, 1, NULL, '$2y$10$REg4p.6lDvymna4yZBIcOuLxbIizX1mYu1p9tAmtaJej3Vgt4sWzG', NULL, '2019-10-14 12:18:02', '2019-10-14 12:18:02', 96, 'sbsppc_yf19'),
(191, 'CKD Institute of Management & Technology,Tarn Taran', NULL, 1, NULL, '$2y$10$6xVDGwjor2.2TwuFF9a0cuIRBUFRBvf2nI5lubDCi5v9iA0Z4taH2', NULL, '2019-10-14 12:18:02', '2019-10-14 12:18:02', 97, 'ckdimt_yf19');

--
-- Indexes for dumped tables
--

--
-- Indexes for table `colleges`
--
ALTER TABLE `colleges`
  ADD PRIMARY KEY (`id`),
  ADD UNIQUE KEY `registration_number` (`registration_number`),
  ADD UNIQUE KEY `uuid` (`uuid`);

--
-- Indexes for table `events`
--
ALTER TABLE `events`
  ADD PRIMARY KEY (`id`);

--
-- Indexes for table `event_relations`
--
ALTER TABLE `event_relations`
  ADD PRIMARY KEY (`id`);

--
-- Indexes for table `failed_jobs`
--
ALTER TABLE `failed_jobs`
  ADD PRIMARY KEY (`id`);

--
-- Indexes for table `migrations`
--
ALTER TABLE `migrations`
  ADD PRIMARY KEY (`id`);

--
-- Indexes for table `password_resets`
--
ALTER TABLE `password_resets`
  ADD KEY `password_resets_email_index` (`email`);

--
-- Indexes for table `students`
--
ALTER TABLE `students`
  ADD PRIMARY KEY (`id`);

--
-- Indexes for table `users`
--
ALTER TABLE `users`
  ADD PRIMARY KEY (`id`),
  ADD UNIQUE KEY `users_email_unique` (`email`);

--
-- AUTO_INCREMENT for dumped tables
--

--
-- AUTO_INCREMENT for table `colleges`
--
ALTER TABLE `colleges`
  MODIFY `id` bigint(20) UNSIGNED NOT NULL AUTO_INCREMENT, AUTO_INCREMENT=98;

--
-- AUTO_INCREMENT for table `events`
--
ALTER TABLE `events`
  MODIFY `id` bigint(20) UNSIGNED NOT NULL AUTO_INCREMENT, AUTO_INCREMENT=34;

--
-- AUTO_INCREMENT for table `event_relations`
--
ALTER TABLE `event_relations`
  MODIFY `id` bigint(20) UNSIGNED NOT NULL AUTO_INCREMENT, AUTO_INCREMENT=755;

--
-- AUTO_INCREMENT for table `failed_jobs`
--
ALTER TABLE `failed_jobs`
  MODIFY `id` bigint(20) UNSIGNED NOT NULL AUTO_INCREMENT;

--
-- AUTO_INCREMENT for table `migrations`
--
ALTER TABLE `migrations`
  MODIFY `id` int(10) UNSIGNED NOT NULL AUTO_INCREMENT, AUTO_INCREMENT=13;

--
-- AUTO_INCREMENT for table `students`
--
ALTER TABLE `students`
  MODIFY `id` bigint(20) UNSIGNED NOT NULL AUTO_INCREMENT, AUTO_INCREMENT=448;

--
-- AUTO_INCREMENT for table `users`
--
ALTER TABLE `users`
  MODIFY `id` bigint(20) UNSIGNED NOT NULL AUTO_INCREMENT, AUTO_INCREMENT=192;
COMMIT;

/*!40101 SET CHARACTER_SET_CLIENT=@OLD_CHARACTER_SET_CLIENT */;
/*!40101 SET CHARACTER_SET_RESULTS=@OLD_CHARACTER_SET_RESULTS */;
/*!40101 SET COLLATION_CONNECTION=@OLD_COLLATION_CONNECTION */;
